-- --------------------------------------------------------
-- 호스트:                          carborn.site
-- 서버 버전:                        10.3.38-MariaDB-0ubuntu0.20.04.1 - Ubuntu 20.04
-- 서버 OS:                        debian-linux-gnu
-- HeidiSQL 버전:                  12.3.0.6589
-- --------------------------------------------------------

/*!40101 SET @OLD_CHARACTER_SET_CLIENT=@@CHARACTER_SET_CLIENT */;
/*!40101 SET NAMES utf8 */;
/*!50503 SET NAMES utf8mb4 */;
/*!40103 SET @OLD_TIME_ZONE=@@TIME_ZONE */;
/*!40103 SET TIME_ZONE='+00:00' */;
/*!40014 SET @OLD_FOREIGN_KEY_CHECKS=@@FOREIGN_KEY_CHECKS, FOREIGN_KEY_CHECKS=0 */;
/*!40101 SET @OLD_SQL_MODE=@@SQL_MODE, SQL_MODE='NO_AUTO_VALUE_ON_ZERO' */;
/*!40111 SET @OLD_SQL_NOTES=@@SQL_NOTES, SQL_NOTES=0 */;

-- 테이블 데이터 S08P22D209.MWS_ACCOUNT:~77 rows (대략적) 내보내기
INSERT INTO `MWS_ACCOUNT` (`ID`, `PWD`, `NAME`, `PHONE_NO`, `AUTH`) VALUES
	('insure_ljh', '$2a$10$XN0tXBzYU34m3eTz3C08hetTaDzNguqT4V2rY.yB8yLmX6ytgu7kS', '주형보험', '01045896394', 2),
	('jy0824539', '$2a$10$OxM6y23DlmbFZVaaUsLo4.oZjr4I5QQGlsshElTQAyziMUoYRKMFq', '한재용', '01088775038', 0),
	('sj_insurance', '$2a$10$SpJMBFgd6CTvaozw0JsN0etcKVwHimei.yDTR02j7ZocywXozE3V.', '흥국생명 인동지점', '0542348492', 2),
	('ssafyuser1', '$2a$10$I10/w9ha3zMDhjjPw.1niec99NbuUZNzWrMbvMtxoajikmAeGewua', '김싸피', '01012345678', 0),
	('ssafyuser2', '$2a$10$vrUwdvLGxJ2r6b/BZd/65uZBnm4fYdr9T8UuPWfzDnAbVpi32dyIC', '이싸피', '01015975326', 0),
	('ssafyuser3', '$2a$10$FwcC5A/1Nye7qHZlIFsd5OxppSd2xWMo0m.ARpAuBBU07Btn1eAp2', '박싸피', '01013578675', 0),
	('ssafyuser4', '$2a$10$.J5hhVaj24cM1QQy8QSF8uvkc.foc7.stzaf0WOEV9iudidZPSZT6', '정싸피', '01012367835', 0),
	('ssafyuser5', '$2a$10$ZQK8Idt3Qh.JwJD9qrXWY.KdTNb5tmfB4kOeq5fiaHDWFYP9gnzqi', '최싸피', '01012345378', 0),
	('ssafyuser6', '$2a$10$2kMZvMGugWF32YqNGnsFNuKEzRCFUOv/ebpoBqC07ahJFsUnb05nq', '홍싸피', '01012347865', 0),
	('ssafyuser7', '$2a$10$OfJZH3R7OOFKJFJOOxFyTObQobgy/vQR1BbL0IohTi3IlNMnryESa', '한싸피', '01012345535', 0),
	('ssafyuser8', '$2a$10$VaejKaXaoms3tN19MEDKsOTjRsDegNv5CZjKPYbsVZij/.giGOira', '양싸피', '01012567538', 0),
	('ssafyuser9', '$2a$10$xE/j5Schcc60iYEba2WA7uG5OcF9Vi69TsWLFGw0unmKIynyADgP2', '남궁싸피', '01045678945', 0),
	('wecheck1', '$2a$10$VGhoWPVSRJH48WLX3e514.DLRxPSPn9iAuvGThlTCpmnolScwvLGm', '구미자동차검사소', '0542315798', 2),
	('wecheck10', '$2a$10$Q36dffkupunwwkq/VdMBMe3FedageSGbnDcqyRhDPKeLvaES6IFnC', '한국교통안전공단 달서자동차검사소', '0542346545', 2),
	('wecheck11', '$2a$10$XuYD6UimdQUych0J2qTdMePCBWGPCJbLFH3.i8EJCfPVmYEJN4NHG', '자일월암검사정비', '0542341234', 2),
	('wecheck12', '$2a$10$6dlLZVr9B0Z6D0epg9yBROxxWMmAkxc/Sz0XqktJHBFI0ajgvcy6u', '성서대천정비공장', '0542346534', 2),
	('wecheck13', '$2a$10$jCM.6MqDDsq5us5o0K8TmuK.VcMDs6mIEKtopr1HLaqfJmU2awDsa', '스피드1급검사정비', '0542346457', 2),
	('wecheck14', '$2a$10$NSUTtRLo8ukrZ5ltzcRIv.WUnRWwSAlrwRh2xMb2Zd8ay.TUq40qy', '화원삼보정비검사소', '0542275886', 2),
	('wecheck15', '$2a$10$ogjwAisN3pozx03Mwo6Gg.n4ifVULcjEnPADEe6mQr0pEnn41IXw.', '백두자동차종합정비', '0542346385', 2),
	('wecheck16', '$2a$10$wMjffjNiscW7EBpOhXal8uMH0Xa16g9jEbtSJKzAvOn./3tve6e3.', '서대구자동차검사소', '0542346515', 2),
	('wecheck17', '$2a$10$wSgJEBAXK/6JYA8jKLCS0.z67vo.hKFyvukr.JESD36kscah41hV.', '공단1급자동차정비공장', '0543365115', 2),
	('wecheck18', '$2a$10$2c./ydiqtK.q93OR21Ror.Aop07Fd9Ku3G2irX0bi3UVll.HkEw6m', '동대구모터스자동차검사장', '0542346553', 2),
	('wecheck19', '$2a$10$H0xZjGbFCRer4QVWRGnABe9KuEzEVzi3cHqbdnXSuJR1V3NaQUewO', '성서자동차검사정비', '0542343549', 2),
	('wecheck2', '$2a$10$v0d8XPfyKfjXrgGEaej2Eefmnzhm1WCApGmskhoIUpMuKldiUaF6y', '한국교통안전공단 구미자동차검사소', '0541234889', 2),
	('wecheck20', '$2a$10$FfcVWwqHumju8wsySr/NQOpS4E2kQIFBbvPhxMNtY3Ezb7s3HTVcK', '대경정비', '0542312349', 2),
	('wecheck21', '$2a$10$Y74oQ5cpheibs6Ha4VciOufktSdMa9ynSl.grxPeQFqkFcIGAJx7q', '신현종합정비공장', '0542344567', 2),
	('wecheck22', '$2a$10$hT7wJvCtSLCRBmXJnnDZoe.y4SEHptGEhvJL7QUt5xjOcQTJ/HpZS', '대천자동차정기정밀검사소', '0524575753', 2),
	('wecheck23', '$2a$10$pLLrPCovJO9LEkXm.qBP/OucRXCpdGceVKe3vejvZiaovb/VlCnSy', '대경1급종합정비검사장', '0542315345', 2),
	('wecheck24', '$2a$10$/5BkjlMtEB5CnFMz4u2O9edlxZVK6OaVC6PSc0amgoXtrP6NiLftu', '현풍현대서비스', '0542343849', 2),
	('wecheck25', '$2a$10$hiMqV.DlhTlo2SiiKhBBQO.XKQ2YjnBwAyO5L5bHsJtyGTmzqmdYi', '남대구서비스자동차검사소', '0544386549', 2),
	('wecheck3', '$2a$10$VIAW1o51IvAkEQdnzFoRO.dYVU4AIEnvhqMGr5B22a45LWOeYaEZC', '공단현대정비공장 종합검사소', '0545894231', 2),
	('wecheck4', '$2a$10$NnOUYUgwotqZ9FK5b/AfleF1U8NMn64e4wlTKQXJ2TwxqM0hQxlGm', '상림정비 종합검사소', '0542356678', 2),
	('wecheck5', '$2a$10$8D.5/bwqNBoIsh/uQJ/oiuoylaC0AjtRdCRyFM8/Ac849oCWeOctu', '오태종합자동차정비검사소', '0542346549', 2),
	('wecheck6', '$2a$10$JW3bhNDGC9xE3oBHwft2re07LNYAS8mab04ojXt8xWCIJ0ErbeAw2', '남구미1급종합정비', '0542349889', 2),
	('wecheck7', '$2a$10$GHxPS54MYbs3I12voBBIu.C2X8.i1dFlwqZxLImnAKxIX1bJtKCp2', '제일종합자동차정비검사소', '0542346548', 2),
	('wecheck8', '$2a$10$.G6PtL4OnUWQ5pi88h6O8e0f/McK82AS1OqZnI7/nZA2LUH7/K6sm', '서대구자동차검사소', '0542346547', 2),
	('wecheck9', '$2a$10$O0t/iYlvbHqf8xShm611yOdn99LNJAvzYW3HBlne5F1Txhx5qKJgO', '한국교통안전공단 이현자동차검사소', '0542346546', 2),
	('wefix001', '$2a$10$PRV1XH/sHkiNW.rLi6k/3eovBCLadfPg32WU6JvTLud1Qa1Dz1R9q', '킹카자동차정비', '0542310357', 1),
	('wefix002', '$2a$10$OBEmEVuvXSt9S4nptzHoeOqPDCTIurCg9xOJcjqorOaoHnm2rGxvK', '타이어프로 인동점', '0542342153', 1),
	('wefix003', '$2a$10$msjcOj6r2Ih6S6QjjuGeM.PtMrdSTOIslLohtAVHfPStnqw2UoVLe', '쉐보레 구미바로서비스', '0542318512', 1),
	('wefix004', '$2a$10$1d9MT0QKRpgssPke286FPOkApaP9OgXGpi//MYmX8SmPw/ZOXyIhi', '쌍용자동차 구미인동서비스프라자', '0541202135', 1),
	('wefix005', '$2a$10$V.Yw03XzKnvptK0ihJ1IVO3epuxZCdiQ0Ycqa7Yptt..0ycfTF0v.', '쌍용자동차 동아자동차부품', '0542124782', 1),
	('wefix006', '$2a$10$kLqSGRxrbG6sJFlPFs2WJOWL1a2aOC62Hi281bARNxBucODPbPGAe', '카젠 인의점', '0541213548', 1),
	('wefix007', '$2a$10$KFKaOLlWRsgXJ7BuiHjUwuqv.OjbZIZXYykBMrZuftkBkD9YqFRRG', '아우라자동차정비', '0542312197', 1),
	('wefix008', '$2a$10$Qw1SeIPaz375FWyvkBtNSu5XAdxREb0UMmGwe87wXMTFC6qOFNeO2', '기아오토큐 인동점', '0542312457', 1),
	('wefix009', '$2a$10$SeDY6.H3PqKx7vUEylCUXOunJBLlXblfXQ3DoBHDXe8XAek4TqTLy', '르노코리아자동차 서비스코너', '0542315789', 1),
	('wefix010', '$2a$10$Gr8OGkd6aT/OOTPh/DVkS.oHxHS2zrSck8epqLpfrmOyxjBKX.hdq', '블루핸즈 인동점', '0542312487', 1),
	('wefix011', '$2a$10$Ar5tpESaCY24p6/ggkqyZ.50FFP.IA78q1W6YbIXZM8d3jSl.NL7W', '쉐보레구미서비스센터', '0542315897', 1),
	('wefix012', '$2a$10$yh/v5NQQU0Z/6X1fmWpIAOpONkFcUFQyTKuDumajwrkPcwx8uxbyu', '더타이어샵', '0542312187', 1),
	('wefix013', '$2a$10$0T24hV.eG2iZ0IRebblU1O8cZrimRrn0tG4Uh3kzF92NWgS263FBe', '1급 디엘자동차공업사', '0541234872', 1),
	('wefix014', '$2a$10$XU6DLMGJSw8BUT2Hqhk28uhYZes0BqjTcUbqAQT9QmtVGQ0/VIvQ6', 'KB매직카옥계점', '0541234857', 1),
	('wefix015', '$2a$10$nUKBqZMl/w.8kszv/2TWR.hcxKIChGLa2B2BOZUvcJMxQYuB.FCxS', '한밭자동차정비', '0543205785', 1),
	('wefix016', '$2a$10$H/2p2Vk8a3.0XLQ.y7emmeYbgZNJgxNkpQfqKFmgvMtzTmm.UM5Xy', '보쉬카서비스 구미점', '0541231875', 1),
	('wefix017', '$2a$10$i700o6NDkS5UqJZK8X.7tuariJwUebm0JQfpifkOO0jShxxEf5gR2', 'LIG매직카옥계점', '0542348975', 1),
	('wefix018', '$2a$10$oIGNqUg5RcIKS1DybGmmeeXFz0Sm64M8PcpRKf/kd7nh0.Hsmld/i', '해마루1급정비공장', '0542315775', 1),
	('wefix019', '$2a$10$Y/YPkM9VIq4/IXrcl8rzbuvKxD81IdporlKwoQMhRiwKDzEvVc3Pi', '오토오아시스 옥계점', '0542344787', 1),
	('wefix020', '$2a$10$8yJq4IOK/IERzwuz5BCCkO6zjwebVHzPEikbJem6wns6Nws5G.tz6', '스피드메이트 옥계점', '0548631248', 1),
	('wefix021', '$2a$10$H7nHrFgb5sk99rGN4uMmJ.QlSVnWUK.YHoNwLMmjORUZGoanb6KU6', '티스테이션 구미옥계점', '0542312348', 1),
	('wefix022', '$2a$10$LXzGcmXvGjq7StjX9SJ7DeRQgFRn4YVuqixfMoVm6XlnW3gmQ5aG6', '119자동차정비', '0542318723', 1),
	('wefix023', '$2a$10$UMdmXsUobyB4Dp1mHHVGBujaYeMzbmr/mjZPYSDuJ6hXOU/Roe4p6', '구미타이어', '0542131587', 1),
	('wefix024', '$2a$10$M/IphstcdT7QqR5exWmNcuvD8MsfJlGw738TYu61ED0uAK/KsYwZ6', '와보라모터스', '0541234875', 1),
	('wefix025', '$2a$10$cNBxtSpaJswcg/YoLbnC4uCL1q4aX5lML6Nu/5UPLBlB9AwDH8Ecq', '블루핸즈 옥계점', '0541237895', 1),
	('wetrust1', '$2a$10$gDxJwHfRXzWA8DwWhA8X2u4QSNCkzwRq9rcweHyTIE/8pkFNVBSoi', '삼성생명 구미지점', '0215949855', 3),
	('wetrust10', '$2a$10$jJhLWXQM9EUGDZC1DiobfeHLs7NV.Ky14Q4nHvHfgTawdhMMWKitO', '삼성생명 구미지점', '0215884314', 3),
	('wetrust11', '$2a$10$/zHbA5itX8t.XirOokNY2.cipSiuswXy4n0EGV0KpBADx7grAmu4K', '삼성생명 구미지점', '0214353114', 3),
	('wetrust12', '$2a$10$rpMACYpfjorC5Q0j4qbCvOYPtGTT948clYux6HO1j7gs.SDC00H6.', '삼성생명 구미지점', '0215853114', 3),
	('wetrust13', '$2a$10$PjoFJU9crmPzODocUn83KuZp49dF.sTcC.9mARYNbK25W2c.64w/a', '삼성생명 구미지점', '0215843514', 3),
	('wetrust14', '$2a$10$6tpahV7p1r6xYYdKUZt.heYGlQFD7ZPJVeWOcyTVsq6RpfZQj6mAq', '삼성생명 구미지점', '0215843814', 3),
	('wetrust15', '$2a$10$6iiNfW/BAewPB1mfsQ.koOIerqrQn2hDMkLzHb2nTOxv3ak/NcUxu', '삼성생명 구미지점', '0215878914', 3),
	('wetrust2', '$2a$10$1.9L1wRfXQ8ocfcBlUu3cebNy.HBevnVwc2p5DHBpt9UxBy9CtT3K', '삼성생명 구미지점', '0535551111', 3),
	('wetrust3', '$2a$10$vuNhzCvsPvCq.VyUV2d1peNEVxGbk7c3hV38v9GpPp69IjBCGjBWK', '삼성생명 구미지점', '0269643166', 3),
	('wetrust4', '$2a$10$8jhHF/lis2x6d0uz/RslMOPoOwPtH/pV.uFZ2ck4u7n7mIM/5Zg4C', '삼성생명 구미지점', '0215883134', 3),
	('wetrust5', '$2a$10$VFIs0Cv8CuqbXQXRsyqglegvH/uhUix3BLz2t86u7qtjjNFwtTI5W', '삼성생명 구미지점', '5345354358', 3),
	('wetrust6', '$2a$10$KgidyW4JJpC62QMyM3r5QO1EE9NHfx0hzQpWfjNbqvx.MM5JNOOIW', '삼성생명 구미지점', '0245673538', 3),
	('wetrust7', '$2a$10$8oHMQG3znUHhiNBAay3douykEYkqeOpb8MJmRX58W2RtafTmUNUSW', '삼성생명 구미지점', '0215883143', 3),
	('wetrust8', '$2a$10$FR7hsCwpIpsWq.G.xZQjmOL9RZfWhlWTQfRnL86L6JBdczcNRnLoG', '삼성생명 구미지점', '0215883735', 3),
	('wetrust9', '$2a$10$uGdzLDOEJduDnNuI11ek1.i3bovydbpCG/6.hvVroG835BjHnwOQO', '삼성생명 구미지점', '0215873547', 3);

-- 테이블 데이터 S08P22D209.MWS_ACCOUNT_LOGIN_LOG:~29 rows (대략적) 내보내기
INSERT INTO `MWS_ACCOUNT_LOGIN_LOG` (`ID`, `ACCOUNT_ID`, `BROWSER`, `IP_ADDR`, `OS`, `REG_DT`) VALUES
	(1, 'jy0824539', 'Chrome', '121.181.6.89', 'Windows10', '2023-04-07 03:57:45'),
	(2, 'wefix005', 'Chrome', '118.41.12.248', 'Windows10', '2023-04-07 04:21:19'),
	(3, 'jy0824539', 'Chrome', '118.41.12.248', 'Windows10', '2023-04-07 04:23:43'),
	(4, 'jy0824539', 'Chrome', '119.56.140.69', 'Windows10', '2023-04-07 04:23:59'),
	(5, 'jy0824539', 'Chrome', '119.56.140.69', 'Windows10', '2023-04-07 04:24:11'),
	(6, 'jy0824539', 'Chrome', '121.181.6.89', 'Windows10', '2023-04-07 04:32:38'),
	(7, 'jy0824539', 'Chrome', '118.41.12.248', 'Windows10', '2023-04-07 04:35:35'),
	(8, 'jy0824539', 'Chrome', '222.237.229.172', 'mac', '2023-04-07 04:39:23'),
	(9, 'jy0824539', 'Chrome', '119.56.164.58', 'Windows10', '2023-04-07 04:43:57'),
	(10, 'jy0824539', 'Chrome', '119.56.164.58', 'Windows10', '2023-04-07 04:49:23'),
	(11, 'jy0824539', 'Chrome', '222.237.229.172', 'mac', '2023-04-07 04:49:38'),
	(12, 'jy0824539', 'Chrome', '118.41.12.248', 'Windows10', '2023-04-07 04:58:44'),
	(13, 'jy0824539', 'Chrome', '118.41.12.248', 'Windows10', '2023-04-07 05:11:27'),
	(14, 'wecheck22', 'Chrome', '222.233.11.89', 'Windows10', '2023-04-07 05:12:42'),
	(15, 'jy0824539', 'Chrome', '222.237.229.172', 'mac', '2023-04-07 05:16:59'),
	(16, 'jy0824539', 'Chrome', '222.237.229.172', 'mac', '2023-04-07 05:21:10'),
	(17, 'jy0824539', 'Chrome', '222.233.11.89', 'Windows10', '2023-04-07 05:23:26'),
	(18, 'jy0824539', 'Chrome', '222.237.229.172', 'mac', '2023-04-07 05:23:48'),
	(19, 'jy0824539', 'Chrome', '121.181.6.89', 'Windows10', '2023-04-07 05:24:34'),
	(20, 'jy0824539', 'Chrome', '119.56.164.58', 'Windows10', '2023-04-07 05:26:46'),
	(21, 'jy0824539', 'Chrome', '222.237.229.172', 'mac', '2023-04-07 05:29:32'),
	(22, 'ssafyuser1', 'Chrome', '119.56.140.69', 'Windows10', '2023-04-07 05:34:13'),
	(23, 'ssafyuser5', 'Chrome', '119.56.140.69', 'Windows10', '2023-04-07 05:34:25'),
	(24, 'jy0824539', 'Chrome', '121.181.6.89', 'Windows10', '2023-04-07 05:36:38'),
	(25, 'jy0824539', 'Postman', '0:0:0:0:0:0:0:1', 'Other', '2023-04-07 05:37:19'),
	(26, 'ssafyuser6', 'Chrome', '119.56.140.69', 'Windows10', '2023-04-07 05:43:56'),
	(27, 'jy0824539', 'Chrome', '118.41.12.248', 'Windows10', '2023-04-07 05:44:19'),
	(28, 'jy0824539', 'Chrome', '222.233.11.89', 'Windows10', '2023-04-07 05:59:38'),
	(29, 'jy0824539', 'Chrome', '222.237.229.172', 'mac', '2023-04-07 06:00:20'),
	(30, 'wecheck1', 'Chrome', '119.56.164.58', 'Windows10', '2023-04-07 06:07:03'),
	(31, 'wecheck1', 'Chrome', '119.56.164.58', 'Windows10', '2023-04-07 06:07:26'),
	(32, 'jy0824539', 'Chrome', '119.56.164.58', 'Windows10', '2023-04-07 06:07:41'),
	(33, 'jy0824539', 'Chrome', '119.56.164.58', 'Windows10', '2023-04-07 06:13:28'),
	(34, 'jy0824539', 'Chrome', '222.237.229.172', 'mac', '2023-04-07 06:13:50'),
	(35, 'jy0824539', 'Chrome', '222.237.229.172', 'mac', '2023-04-07 06:14:14'),
	(36, 'jy0824539', 'Chrome', '222.237.229.172', 'mac', '2023-04-07 06:14:57'),
	(37, 'jy0824539', 'Chrome', '222.237.229.172', 'mac', '2023-04-07 06:15:25'),
	(38, 'jy0824539', 'Chrome', '119.56.164.58', 'Windows10', '2023-04-07 06:16:57'),
	(39, 'jy0824539', 'Chrome', '119.56.164.58', 'Windows10', '2023-04-07 06:17:09'),
	(40, 'jy0824539', 'Chrome', '119.56.164.58', 'Windows10', '2023-04-07 06:17:37'),
	(41, 'jy0824539', 'Chrome', '119.56.164.58', 'Windows10', '2023-04-07 06:17:46'),
	(42, 'jy0824539', 'Chrome', '119.56.164.58', 'Windows10', '2023-04-07 06:18:01'),
	(43, 'jy0824539', 'Chrome', '222.233.11.89', 'Windows10', '2023-04-07 06:18:19'),
	(44, 'ssafyuser3', 'Chrome', '119.56.140.69', 'Windows10', '2023-04-07 06:20:28'),
	(45, 'jy0824539', 'Chrome', '119.56.140.69', 'Windows10', '2023-04-07 06:21:12'),
	(46, 'ssafyuser3', 'Chrome', '119.56.140.69', 'Windows10', '2023-04-07 06:21:38'),
	(47, 'jy0824539', 'Chrome', '222.237.229.172', 'mac', '2023-04-07 06:36:02'),
	(48, 'wefix001', 'Chrome', '119.56.140.69', 'Windows10', '2023-04-07 06:48:47'),
	(49, 'jy0824539', 'Chrome', '119.56.140.69', 'Windows10', '2023-04-07 08:02:00');

-- 테이블 데이터 S08P22D209.MWS_BOARD:~0 rows (대략적) 내보내기

-- 테이블 데이터 S08P22D209.MWS_CAR:~6 rows (대략적) 내보내기
INSERT INTO `MWS_CAR` (`ID`, `ACCOUNT_ID`, `WALLET_HASH`, `MAKER`, `MODEL_NM`, `MODEL_YEAR`, `REG_NM`, `VIN`, `MILEAGE`, `CONTRACT_HASH`, `REG_DT`, `UPT_DT`, `STATUS`) VALUES
	(6, 'ssafyuser3', '0x7c4cb5B176c797Cb46C684C934F291b37852Bb86', '현대', '액센트', '2011', '30조3927', 'KMHCT4ECABU140670', 50000, 'insert--2023-04-0751336', '2023-04-07 05:13:36', '2023-04-07 06:21:59', 0),
	(7, 'jy0824539', '0x3f2feb473B9f9a4a80a96C865B04dd0627A050Ff', '마세라티', '마세라티', '2017', '28버3111', 'ZAM57TSGIJI869077', 20000, 'insert--2023-04-0751856', '2023-04-07 05:18:56', '2023-04-07 05:18:56', 0),
	(8, 'jy0824539', '0xE0D501Ad19fD5e27e9ebdd51d8C4fC2E5c1B71B3', '포르쉐', '타이칸 터보 S', '2021', '23두0518', 'WP0AC2Y14MSA63166', 5000, 'insert--2023-04-0753632', '2023-04-07 05:36:32', '2023-04-07 05:36:32', 0),
	(9, 'jy0824539', '0xE73420c16836E019c67999C263Fed51F8AB04251', 'KIA', '스포티지', '2010', '12가1234', 'KNAKG815BAK679041', 70000, 'insert--2023-04-0754548', '2023-04-07 05:45:48', '2023-04-07 05:45:48', 0),
	(10, 'jy0824539', '0x76a41899431ac350D0cFD938D7700dee8fe252A6', 'BMW', 'BMW X4', '2015', '12무3303', 'WBAXX3105F0K80417', 35000, 'insert--2023-04-0755025', '2023-04-07 05:50:25', '2023-04-07 05:50:25', 0),
	(11, 'ssafyuser6', '0xf767DE312E1688E919812Fd4C71773025c27E506', '기아', 'K5', '2022', '709가4905', 'KNMC4C1HMBP000001', 25000, 'insert--2023-04-0755126', '2023-04-07 05:51:26', '2023-04-07 05:51:26', 0);

-- 테이블 데이터 S08P22D209.MWS_CAR_IMG:~10 rows (대략적) 내보내기
INSERT INTO `MWS_CAR_IMG` (`ID`, `CAR_ID`, `IMG_NM`, `CONTRACT_HASH`, `REG_DT`) VALUES
	(1, 6, '2023-04-07T05-13-36.750293862_4091.png', 'img1-6-2023-04-0751336', '2023-04-07 05:13:36'),
	(2, 6, '2023-04-07T05-13-36.879083211_7860.png', 'img2-6-2023-04-0751336', '2023-04-07 05:13:36'),
	(3, 7, '2023-04-07T05-18-56.546509741_2757.png', 'img1-7-2023-04-0751856', '2023-04-07 05:18:56'),
	(4, 7, '2023-04-07T05-18-56.662368432_4660.png', 'img2-7-2023-04-0751856', '2023-04-07 05:18:56'),
	(5, 8, '2023-04-07T05-36-33.258266201_8846.jpg', 'img1-8-2023-04-0753633', '2023-04-07 05:36:33'),
	(6, 8, '2023-04-07T05-36-33.394026598_1749.jpg', 'img2-8-2023-04-0753633', '2023-04-07 05:36:33'),
	(7, 9, '2023-04-07T05-45-48.377955063_7139.png', 'img1-9-2023-04-0754548', '2023-04-07 05:45:48'),
	(8, 9, '2023-04-07T05-45-48.470310513_5356.png', 'img2-9-2023-04-0754548', '2023-04-07 05:45:48'),
	(9, 10, '2023-04-07T05-50-25.822470404_5622.png', 'img1-10-2023-04-0755025', '2023-04-07 05:50:25'),
	(10, 11, '2023-04-07T05-51-26.806841337_1803.jpg', 'img1-11-2023-04-0755126', '2023-04-07 05:51:26');

-- 테이블 데이터 S08P22D209.MWS_CAR_INSURANCE_HISTORY:~0 rows (대략적) 내보내기

-- 테이블 데이터 S08P22D209.MWS_CAR_SALE:~1 rows (대략적) 내보내기
INSERT INTO `MWS_CAR_SALE` (`ID`, `ACCOUNT_ID`, `CAR_ID`, `CONTENT`, `PRICE`, `SALE_STATUS`, `REG_DT`, `UPT_DT`, `STATUS`) VALUES
	(1, 'jy0824539', 6, '2011년에 구매한 현대 액센트입니다. 새로운 차량을 구매하게 되어 판매하고자 합니다', 10000000, 1, '2023-04-07 05:28:04', '2023-04-07 06:21:25', 0);

-- 테이블 데이터 S08P22D209.MWS_CAR_SALE_BOOK:~0 rows (대략적) 내보내기
INSERT INTO `MWS_CAR_SALE_BOOK` (`ID`, `ACCOUNT_ID`, `CAR_SALE_ID`, `BOOK_STATUS`, `REG_DT`, `UPT_DT`, `STATUS`) VALUES
	(1, 'ssafyuser3', 1, 1, '2023-04-07 06:20:59', '2023-04-07 06:21:59', 0);

-- 테이블 데이터 S08P22D209.MWS_CAR_TRADE:~0 rows (대략적) 내보내기
INSERT INTO `MWS_CAR_TRADE` (`ID`, `CAR_ID`, `BUYER_ID`, `SELLER_ID`, `PRICE`, `CONTRACT_HASH`, `METADATA_URI`, `REG_DT`) VALUES
	(1, 6, 'ssafyuser3', 'jy0824539', 10000000, 'buy-6-2023-04-0762159', 'https://metadata-store.klaytnapi.com/0b6a66b0-3d6e-f5b0-06f5-88dc6c04289c/6fac0963-159a-13ef-67bc-1976d2e174ed.json', '2023-04-07 06:21:59');

-- 테이블 데이터 S08P22D209.MWS_CAR_VRC:~3 rows (대략적) 내보내기
INSERT INTO `MWS_CAR_VRC` (`ID`, `CAR_ID`, `IMG_NM`, `CONTRACT_HASH`, `REG_DT`) VALUES
	(1, 6, '2023-04-07T05-13-37.038330460_7209.png', 'vrc-6-2023-04-0751337', '2023-04-07 05:13:37'),
	(2, 7, '2023-04-07T05-18-56.769735368_3518.png', 'vrc-7-2023-04-0751856', '2023-04-07 05:18:56'),
	(3, 8, '2023-04-07T05-36-33.523156237_1886.jpg', 'vrc-8-2023-04-0753633', '2023-04-07 05:36:33'),
	(4, 9, '2023-04-07T05-45-48.594642853_2831.gif', 'vrc-9-2023-04-0754548', '2023-04-07 05:45:48'),
	(5, 10, '2023-04-07T05-50-25.913918736_2951.jpg', 'vrc-10-2023-04-0755025', '2023-04-07 05:50:25'),
	(6, 11, '2023-04-07T05-51-26.926603782_1575.gif', 'vrc-11-2023-04-0755126', '2023-04-07 05:51:26');

-- 테이블 데이터 S08P22D209.MWS_CBR:~7 rows (대략적) 내보내기
INSERT INTO `MWS_CBR` (`ID`, `COMPANY_ID`, `IMG_NM`, `REG_DT`) VALUES
	(9, 9, '2023-04-07T04-02-04.727511852_4103.gif', '2023-04-07 04:02:04'),
	(18, 18, '2023-04-07T04-04-37.529104825_6502.gif', '2023-04-07 04:04:37'),
	(28, 29, '2023-04-07T04-19-40.646054739_5029.gif', '2023-04-07 04:19:40'),
	(32, 57, '2023-04-07T04-24-03.036822910_1057.gif', '2023-04-07 04:24:03'),
	(34, 59, '2023-04-07T04-24-49.847688659_3373.png', '2023-04-07 04:24:49'),
	(35, 60, '2023-04-07T04-25-40.265415002_6408.gif', '2023-04-07 04:25:40'),
	(37, 62, '2023-04-07T04-33-00.027240637_7153.png', '2023-04-07 04:33:00');

-- 테이블 데이터 S08P22D209.MWS_COMMUNITY:~12 rows (대략적) 내보내기
INSERT INTO `MWS_COMMUNITY` (`ID`, `ACCOUNT_ID`, `TITLE`, `CONTENT`, `REG_DT`, `UPT_DT`, `VIEWS`, `STATUS`) VALUES
	(1, 'ssafyuser1', 'KB매직카옥계점 방문후기', '정비가 처음이라 걱정했는데 사장님이 친절하게 설명해주더라고요.<br>\r\n<br> 평소에 궁금한거도 다 물어보고 왔어요', '2023-03-07 05:19:27', '2023-03-07 05:19:27', 19, 0),
	(2, 'ssafyuser2', '현대랑 기아중에 뭐가 더 좋음?', 'ㅈㄱㄴ', '2023-03-16 05:22:11', '2023-04-07 05:22:12', 18, 0),
	(3, 'wecheck7', '중고차 구매 팁', '<p><strong>중고차 구입시 주의사항 정리</strong><br>1. 중고차 외관 점검<br>2.중고차 실내 점검<br>3.제대로된 중고차 사이트 확인<br>4.중고차 카히스토리 확인<br>5.싸고 좋은 차는 없다<br>6.사고차의 유무는 프레임<br>7.사소한 사고처리가 된 매물은 괜찮습니다<br>8.가능하면 직접 타보고 결정하기</p>', '2023-03-18 05:22:11', '2023-04-07 05:22:12', 30, 0),
	(10, 'jy0824539', '좋은 정비소 고르는 법', '안녕하세요.\r\n\r\n<br>지방에서 근무중인 30대 중반 아재 정비사 입니다. 오랜만에 보배에 들어와 보니 코크 풀림 사고 등등 정비 관련 안 좋은 일들이 정말 많네요...\r\n\r\n<br>회원분들에게 도움이 될지는 모르겠지만 좋은 정비소 고르는 법 알려 드립니다.\r\n\r\n<br>(물론 100%는 아니고 예외의 경우도 있을겁니다)\r\n\r\n \r\n<br><br>\r\n1. 일단 단골 카센터가 없다면 지나다니면서 주위 환경 부터 둘러보세요.\r\n\r\n<br>작업 현장 청결도가 정말 그 정비 작업자가 일하는 스타일과 일치하는 경우가 매우 흔합니다.  작업 현장이 깨끗한 사람들은 그 만큼 일도 깔끔하게 하는 경우가 많습니다.(파란손이나 오토큐처럼 인테리어를 해야 업장을 유지 할 수 있는 경우는 제외)\r\n\r\n<br>그럼 작업 현장이 깨끗한 곳을 찾으셨다면 대부분 엔진오일 교환으로 방문이 흔한 경우이니 방문을 하실겁니다.\r\n\r\n<br> \r\n\r\n<br>다음은 대부분 가게 대표나 직원들이 나와 인사를 할 것이고 문진 후 차주분의 차를 탑승하겠죠??\r\n\r\n<br>여기서 작업자가 기름 범벅 된 작업복으로 시트 커버도 없이 내 차에 탑승한다...이런 곳은 거르셔도 되요.\r\n\r\n<br>저도 너무 바쁠땐 가끔 시트커버를 씌우지 않고 작업할 때도 있지만 작업복이 더러울 때는 무조건 시트 커버 씌우고 탑승합니다.\r\n\r\n<br>카센터는 시트 커버나 휀다 커버 씌우고 작업하는 곳 거이 없다고 하시겠지만 요즘 젋은 오너들은 절대 그렇게 하지 않습니다.\r\n\r\n<br> \r\n\r\n<br>심지어 타이밍 벨트나 흡기 크리닝 같은 엔진룸에서 작업을 하는 경우에도 비닐 커버는 커녕 휀다 커버도 없이 작업하면서 차 다 긁어먹는 경우 많이 봤네요.\r\n\r\n<br>애초에 차량 입고시 저런 사소한 부분에서 부터 그 가게의 성향이나 작업자의 특징이 고스란히 담겨 있는 경우가 많습니다.\r\n\r\n<br> \r\n\r\n<br>그리고 엔진오일 교환하면서 진짜 딱 엔진오일 교환해주고 워셔액, 타이어 공기압만 넣어주는 곳은 거르시길...\r\n\r\n<br>차 리프트에 올리면 최소 각 바퀴 유격은 봐주는지나 안전에 관련 된 부분 기본점검은 해주는 곳으로 다니시는거 추천 드립니다.\r\n\r\n<br> \r\n\r\n<br>2. 차가 다 거기서 거기다. 난 못 고치는 차는 없다. 자신감이 아닌 자만이 넘치는 이런 정비사는 거르시면 됩니다.\r\n\r\n<br>요즘 수입차 전문 정비소 많이들 보실 겁니다.\r\n\r\n<br>각 브랜드별로 서비스센터에서 근무 하다가 대리~차장 직급 정도의 정비사들이 나와서 차리는 경우가 많습니다.\r\n\r\n<br>보배에도 서비스센터 만행의 글 들이 정말 많이 올라오는데 애초에 시작을 외부 카센터에서 시작한 사람과 서비스센터에서 정석으로 배운 사람과의 기술력은 생각보다 차이가 많이 납니다.\r\n\r\n<br>(물론 대표가 정석을 먼저 가르치는 사람일 경우는 예외입니다)\r\n\r\n<br> \r\n\r\n<br>저도 메이커 대기업 계열사 서비스센터에서도 근무해보고 현재는 외부에 나와 있지만 정말 가관인 경우가 많아요.\r\n\r\n<br>각 메이커별로 본사에서 TI라는 자료가 내려오는데 사실상 외부 업체에서 정말 난해한 고장이나 만져본적이 없는 메이커 차량의 수리같은 경우는 인맥이 얼마나 메이커별로 다양한가에 따라서 정해진다고 보셔도 됩니다.\r\n\r\n \r\n<br>\r\n<br>근대 문제가 가끔 가다가 본인 기술에 자부심이 엄청난 분들은 내가 못 고치는 차는 없다 이런 생각으로 이것 저것 주먹구구식으로 다 교환해버리고 결과는 똑같은 경우가 생깁니다.\r\n\r\n<br>예상부위 데이터 리스트라도 보면서 오진하면 말이라도 안 하겠는데...진짜 터무니 없는 경우 많이 봅니다.\r\n\r\n<br> \r\n\r\n<br>애초에 단골 카센터가 이 고장은 솔직히 나도 잘은 모르겠다. 알아보고 알려주겠다 이런 경우가 있다하더라도 그건 그 사람이 능력이 없어서가 아닙니다.\r\n\r\n<br>대체적으로 신차가 나온 후 각종 정비사례들이 나오기까진 보증 기간이 지난 후라는 시간이 걸리고 겪어보지 않은 브랜드는 모르는게 정상입니다.\r\n\r\n<br> \r\n\r\n<br>심지어 현대/기아 하이테크팀이나 각 브랜드 코리아에서도 모든 데이터가 정상이라 관련 부품을 모두 교체하고 이것저것 다 해봐도 못 고치는 증상의 차들이 수두룩한데 모든 고장을 다 고칠 수 있는 정비사는 없습니다.\r\n\r\n<br> \r\n<br>\r\n3. 소모품 관련하여 이거 안 바꾸면 당장 큰일나요. 10만km 넘은차도 아무것도 안해도 되요 하는 경우는 잘못 된 것입니다.\r\n<br>\r\n차주분들이 소모품 관련해서가 가장 오해가 많이 생기는데 그래서 저는 소모품 같은 경우는 차주분에게 고지는 하지만 강요는 하지 않습니다.\r\n\r\n<br>특히 5년 10만 km안에 차 자주 교환하시는 분들은 솔직히 엔진오일만 교환하면서 차량 운행하셔도 전혀 무관합니다.\r\n\r\n<br>물론 타이어나 브레이크 패드 등은 제외고 디젤차나 lpg 차량의 경우는 연료필터는 한번은 교환 하시는게 좋아요.\r\n<br>\r\n \r\n\r\n<br>소모품 이거 안 바꾸면 당장 큰일나요라고 눈탱이 치는 인간들도 쓰레기지만 키로수 많은 차 엔진오일만 바꾸고 차주분이 이것 저것 점검 좀 해주세요라고 얘기해도 그냥 타시면 되요라고 하는 정비사들이 더 나쁜 경우입니다.\r\n\r\n<br>대부분 후자의 경우 오... 이 카센터는 정직해라고 생각하시겠지만 돈 안되고 귀찮아서 그러는 경우가 훨씬 많습니다.\r\n\r\n<br> \r\n\r\n<br>한 차종 구입해서 오래타는 경우들도 많이 있으시죠?\r\n\r\n<br>관리해가며 운행 한 차량들과 아닌 차량들은 차이는 말로 표현하기 힘듭니다.\r\n\r\n<br>소모품 관련해서는 차에 관심이 많으신 분들은 직접 결정이 쉽겠지만 아닌 경우는 힘든것도 사실이죠.\r\n\r\n<br>이 부분 관련해서는 개인차가 너무 크기때문에 긴 말은 하지 않겠습니다.\r\n\r\n \r\n\r\n<br><br>4. 방문시 번거롭더라도 연락을 한번 주시고 방문하시는게 좋습니다.\r\n\r\n<br>개인 업장이라는 것이 일이 없다가도 갑자기 차가 한번에 엄청 몰리는 경우가 있습니다. 그런데 차주분이 급하셔서 연락 없이 방문하시는 경우 타이어 펑크나 간단한 경우는 봐드릴 수 있지만 시간이 조금 걸릴거 같은 문제의 경우는 작업자 입장에서도 작업 차량들이 밀려있는 경우 바로 문제를 봐드리지 못 하는 경우가 많거든요.\r\n\r\n \r\n\r\n<br>그리고 한가지 꿀팁 더 드리면 아침 오픈 시간전에나 오픈 시간에 딱 오시는 경우도 많은데 정비사들이 대부분 엄청 부담 스러워합니다...\r\n\r\n<br>물론 믿음을 가지고 방문해주셔서 감사하지만 전날 일이 늦게 끝나서 정리가 미흡한 부분이나 오픈과 함께 이런 저런 해야할 일들이 항상 있기때문에...혹시라도 일찍 오실 경우에도 연락 한번 하고 방문해주시는게 좋습니다.\r\n\r\n \r\n<br>\r\n<br>5. 싸고 재대로 수리하는 업체는 없다고 보셔도 됩니다.\r\n\r\n<br>대부분의 본인의 기술이 있는 경우 물량 후려치기 식으로 일을 하지 않습니다.\r\n\r\n<br>가끔 견적은 저희 가게에서 받고 나중에 다른 가게에서 작업한 부분 또 누수나 누유 되고 거기서 배째라한다 이런 경우들 많은데 애초에 다른 곳보다 저렴하게 작업하는 곳이 일을 재대로 할까요...\r\n\r\n<br>보이는 곳만 재대로 안 보이는 곳은 개판으로 수리 한다고 보셔도 됩니다.\r\n\r\n \r\n\r\n<br><br>가끔 다른 가게만 다니나 처음 유입되는 차량들보면 언더커버 볼트나 배선 키 여기저기 다 널부러져 있고 엔진 오일 하나 교환하려고 왔다가 저런 잡다한 부분 고정 시켜주고 없는 볼트 장착해주는게 시간 더 걸리는 경우도 많습니다ㅡㅡ;;\r\n\r\n<br>물론 차주분께 차 이렇게 된거 아셨어요??하면 다들 모르고 계시고 저한테 고맙다고 하시고 단골 되는 경우가 많습니다.\r\n\r\n<br>이런 차가 한 두대면 모르겠는데 너무 많다보니...어쩔 수 없이 언더커버 키 너무 많이 없는 차량들은 소량이 키 값 몇천원을 받긴 합니다.\r\n\r\n<br> \r\n\r\n<br>저는 저희 가게 오시는 분들께 솔직히 말씀 드립니다.\r\n\r\n<br>저희보다 작업 저렴하게 해주는 가게들 많지만 최소한 무슨 일을 하든 기본은 지키고 합니다. \r\n\r\n<br>그에 따른 비용은 정당하게 받습니다라고.\r\n\r\n<br> \r\n\r\n<br>7. 많은 분들이 궁금하게 여기시는 카센터 수입 부분입니다.\r\n\r\n<br>자랑은 아니고 지방이지만 이 동네에서 정말 압도적으로 저희 가게 차량 입고가 가장 많습니다.\r\n\r\n<br>방문하시는 손님들이나 주변 공장 사장님들이 허허 자네들 돈 많이 벌겠구만. 항상 차들이 넘쳐나 이렇게 말씀하시고 거이 대표가 600~1000 제가 500~800만원 정도 벌어가는줄 아시고 인터넷에 각종 글들 보면 겨우 이딴거 하는게 공임을 이렇게 받나?? 이런 글들 많습니디만...\r\n<br>\r\n \r\n\r\n<br>저희 가게가 공임이 저렴한 편이 아님에도 거짓말 안하고 대표가 한달에 400정도 제가 300 조금 넘게 가져갑니다...\r\n\r\n<br>사업하는 사람 치고는 정말 적다고 생각하실 겁니다.\r\n\r\n<br>월 고정 지출이 대출이자, 가게 가맹비, 사대보험, 식대, 전기세 등등 한달에 500은 나가거든요...\r\n\r\n<br>그리고 중간에 리프트 유지보수, 진단기 업데이트 등등...지출이 계속 생깁니다.\r\n\r\n<br> \r\n\r\n<br>아직 자리 잡은지가 얼마 되지 않은 문제도 있고 진짜 사기 치지 않는 이상은 이 업종으로 돈 벌기 힘들거 같긴한데 그래도 정직하게 살려고 합니다.\r\n\r\n<br> \r\n\r\n<br>참고로 대한민국의 정비 공임은 정말 엄청 저렴한 수준이고 문제가 돈 더주고 작업 좀 재대로 해주는 곳 찾으려해도 그런 곳은 정식 서비스센테 메가 딜러 정도가 한계라는게 현실 입니다.\r\n\r\n<br>물론 한 브랜드에서 근무하다 나와서 창업해서 그 브랜드만 고치는 곳들은 그 이상으로 작업을 잘해주고 차량 손상 없이 해주는곳도 있긴합니다.\r\n\r\n<br> \r\n\r\n<br>일이 아무리 많아도 진짜 정비로는 큰 돈 만지기 힘듭니다. 그런대 저렴한 가격에 재대로 수리 해주는 곳들이 있을리 난무하겠죠...\r\n\r\n<br>그래서 결론은 다들 말씀하시는것 처럼 와...엔진오일 갈면서 2만 5천원이나 받아? 날 도둑놈 들이네 라고 생각하시겠지만 가게 유비지가 엄청나게 나간다는 점 참고해주셨으면 합니다ㅜㅜ\r\n<br>\r\n \r\n\r\n<br>그리고 정비 관련해서 억울한 경우 있으시면 쪽지 남겨주시면 모든 부분은 아니더라도 도움 드릴 수 있는 부분은 도와 드리겠습니다.\r\n\r\n<br>견적 부분 관련해서는 제외입니다...', '2023-03-22 05:22:11', '2023-04-07 05:22:12', 24, 0),
	(11, 'jy0824539', '\'카본\'이용후기', '한눈에 중고차를 다볼수 있는 거는 타 사이트와 유사하다.<br>\r\n하지만 차에대한 수리와 검수, 보험내역까지 구매할 경우 볼수 있다.<br>\r\n사기에 대한 걱정없이 볼수 있어서 좋은 사이트라고 생각한다.<br>\r\n이런사이트가 더 많이 성장해야 한다고 생각한다.<br>\r\n사기꾼이 늘어나는 현대사회이기 때문에...', '2023-04-01 05:28:55', '2023-04-07 05:28:55', 17, 0),
	(12, 'ssafyuser6', '세단 VS SUV 어떤 것이 좋을까? - 자동차비교', '안녕하세요~! ㅎㅎ<br>\r\n\r\n \r\n\r\n오늘은 세단과 SUV를 비교해보도록 하겠습니다.<br>\r\n\r\n \r\n\r\n과거에는 세단과 SUV 장단점이 명확하게 구분되어 큰 고민 없이 사용용도에 맞춰 구매를 하였으나 SUV 상품성이 크게 개선되면서 세단과 SUV를 고민하는 구매자들이 늘고 있습니다.\r\n<br>\r\n \r\n\r\n세단과 SUV 격차가 줄어들면서 다용도로 쓸 수 있는 SUV 인기가 증가하고 있고 그대로 판매량에 반영이 되고 있습니다. 또 캠핑이 유행하면서 SUV 판매량이 더 탄력을 받아 세단을 추월하였고 이러한 트렌드를 반영하여 국내 자동차 회사들은 세단 라인업을 줄이고 SUV 라인업을 늘리고 있는 추세입니다.\r\n\r\n <br>\r\n\r\n필자도 고민하다 결국 세단과 SUV 2대를 구매하게 되었는데 둘 다 타본 결과 아무리 격차가 줄어들었다고 해도 세단만의 고유특성과 장단점은 있었고 SUV만의 고유 특성과 장단점을 느꼈기 때문에 둘 다 타면서 느낀 경험을 바탕으로 각각 장단점을 공유해보려고 합니다.\r\n\r\n <br>\r\n\r\n<strong>[세단]</strong><br>\r\n\r\n4~5인승 승용차를 말하며 사람이 타는 자리와 트렁크가 구분되어있는 것이 특징입니다. 특유의 정숙성과 승차감 때문에 과거 국내 자동차 시장에서 높은 점유율을 갖고 있었으며 다양한 니즈를 고려한 해치백, 쿠페, 왜건 등 여러 형태의 세단이 출시되었습니다.\r\n\r\n <br>\r\n\r\n- 장점<br>\r\n\r\n고급스러움: 동급 SUV과 비교하면 세단이 더 고급스럽습니다. 차는 용도도 중요하지만 그만큼 보여지는 것도 중요하기 때문에 자동차 회사에서는 이러한 부분을 고려하여 프리미엄 SUV를 출시하였지만 같은 급의 프리미엄 세단과 비교하면 고급감이 덜합니다.\r\n<br>\r\n \r\n\r\n승차감: 낮은 지상고는 세단만의 특유 정숙성을 만들어 줍니다. 따라서 상대적으로 높은 지상고를 갖고 있는 SUV 보다 승차감이 좋습니다.\r\n<br>\r\n또 SUV보다 무게가 적게 나가기 때문에 가속도가 좋으며 중심이 낮기 때문에 운전하는 재미가 있습니다.\r\n<br>\r\n \r\n\r\n경제성: SUV보다 차량 가격이 저렴합니다. 소형 SUV 가격으로 중형 세단을 구매할 수 있고 중형 SUV 가격으로 대형 세단을 구매할 수 있습니다.\r\n<br>\r\n또한 동급 SUV 가솔린 모델과 비교 시 연비도 좋습니다.\r\n<br>\r\n \r\n\r\n- 단점<br>\r\n\r\n적재량: 세단은 SUV에 비해 적재량이 적습니다. 적재량을 개선하고자 폴딩 가능한 세단이 출시되었지만 SUV 만큼 적재량 효율을 내지 못합니다.\r\n\r\n <br>\r\n\r\n용도한정: 세단은 승용차 이외의 용도로 사용이 불가능합니다. 반면 SUV는 세단에 비해 다용도로 사용이 가능합니다.\r\n\r\n <br>\r\n낮은 지상고: 지상고가 낮아 높은 턱이나 비포장 도로를 지날 때 아래가 닿습니다. 세단을 운전할 때 높은 턱을 만나면 여간 신경 쓰이는 게 아닙니다.\r\n\r\n \r\n<br>\r\n<strong>[SUV]</strong><br>\r\n\r\nSUV는 Sports Utility Vehicle의 약어로 스포츠 유틸리티 차량을 말합니다. 높은 지상고를 갖고 있는 것이 특징이며 세단보다 비포장도로나 오프로드 주행능력이 좋습니다. 상품성 개선과 캠핑 유행으로 세단 판매량을 앞질렀고 다양한 니즈에 맞춰 RV, MPV 등 여러 형태의 SUV가 출시되었습니다.\r\n\r\n <br>\r\n\r\n-장점<br>\r\n\r\n넓은 공간: SUV는 폴딩 하면 상당히 넓은 공간을 확보할 수 있습니다. 따라서 차박을 하거나 큰 짐을 싫을 수 있으며 다용도로 사용이 가능합니다. 또 캠핑이 유행하면서 220V가 탑재된 SUV가 출시되어 용도성이 확장되었습니다.\r\n<br>\r\n \r\n\r\n안전성: SUV는 승용차보다 높은 위치에 있으며 세단과 사고 시 SUV가 유리합니다. 과거 SUV는 높은 중심으로 인해 세단보다 전복 위험이 높았는데 최근 출시되는 SUV는 낮은 중심으로 설계되어 전복위험이 적습니다.\r\n\r\n <br>\r\n\r\n높은 지상고: 지상고가 높아 비포장 도로나 높은 턱을 지날 때 유리합니다. 세단을 타면 사람이 많이 타고 있는 상태에서 높은 방지턱을 지날 때나 오래된 아파트 지하 주차장을 들어갈 때 신경이 많이 쓰이는데 SUV는 마음 편히 지날 수 있습니다.\r\n<br>\r\n \r\n\r\n-단점<br>\r\n\r\n높은 중심: 요즘 출시되는 SUV는 저중심으로 설계가 되는대도 불구하고 세단보다는 높기 때문에 주행을 하거나 방지턱을 넘을 때 세단보다 승차감이 좋지 못합니다.\r\n\r\n <br>\r\n\r\n경제성: SUV는 세단보다 비쌉니다. SUV 가격이면 한 단계 윗등급인 세단을 구매할 수 있습니다.\r\n<br>\r\n \r\n\r\n낮은 연비: 동급과 비교 시 일반적으로 SUV는 세단보다 덩치가 크기 때문에 연비가 안 좋습니다. 그러나 최근 하이브리드 SUV가 출시되면서 세단과 격차를 줄이고 있지만 동급 세단 하이브리드와 비교하면 SUV 연비가 낮은 편입니다.\r\n<br>\r\n \r\n\r\n<strong>마치며</strong>\r\n<br>\r\n작성된 내용 이외에도 많은 장단점이 있으나 세단과 SUV를 모두 타며 느끼는 경험상 가장 크게 느끼는 장단점 3가지를 뽑아 작성하였습니다.\r\n<br>\r\n \r\n\r\n차량구매 시 경제성과 고급감 그리고 승차감을 중요시 생각한다면 세단을 추천하며 넓은 실내와 안정성 그리고 다용도로 사용할 수 있는 차를 선호한다면 SUV를 추천합니다.<br>', '2023-04-02 05:32:43', '2023-04-07 05:32:43', 14, 0),
	(13, 'ssafyuser4', '아재개그 모음', '☆★☆ 산유국에서 기름을 우리나라로 수입하는데 걸리는 시간은 며칠일까? ☆★☆<br>\r\n정답: 5일. (Oil -> 오일 -> 5일)<br>\r\n<br>\r\n☆★☆ 가제트, 로봇 형사 ‘가제트’의 원래 이름은? ☆★☆<br>\r\n정답: 마징. (마징가제트)<br>\r\n<br>\r\n\r\n☆★☆ 자동차 문제! 자동차의 문을 세게 닫으면 안되는 이유는? ☆★☆<br>\r\n정답: 문은 4 개니까. (자동차의 문은 네 개, 네 개를 모두 다 닫아야 함!)<br>\r\n<br>\r\n\r\n☆★☆ 인삼은 6년근이 가장 좋다지요! 그렇다면 산삼은 언제 캐는 것이 가장 좋을까요? ☆★☆<br>\r\n정답: 보는 즉시! (다른 사람이 캐 가기 전에 서두르세요~ +_+!)<br>\r\n\r\n \r\n<br>\r\n\r\n☆★☆ 신발이 몹시 화가 났다. 세 글자로 줄이면? ☆★☆<br>\r\n정답: 신발끈. (신 발끈~!)<br>\r\n<br>\r\n\r\n☆★☆ 나이 어린 물고기를 뭐라고 할까? ☆★☆<br>\r\n정답: 영어. (Young + 魚 -> 영어)<br>\r\n<br>\r\n☆★☆ 사람은 겉모습보다 내면이 중요하다고 하지요. 기계도 그렇습니다. 특히 이 것은 내면이 더 중요! 뭘까요? ☆★☆\r\n<br>정답: 냉장고.<br>\r\n<br>\r\n☆★☆ 술은 술인데 세상에서 가장 맛있는 술은 뭐? ☆★☆<br>\r\n정답: 입술. 그대 입술.\r\n<br><br>\r\n\r\n☆★☆ 과자가 자기 소개를 하면 뭐라고 할까? ☆★☆<br>\r\n정답: 전과자. (전 과자 입니다.)<br>', '2023-04-04 05:55:26', '2023-04-07 05:55:26', 16, 0);

-- 테이블 데이터 S08P22D209.MWS_COMMUNITY_REVIEW:~0 rows (대략적) 내보내기
INSERT INTO `MWS_COMMUNITY_REVIEW` (`ID`, `COMMUNITY_ID`, `ACCOUNT_ID`, `CONTENT`, `REG_DT`, `UPT_DT`, `STATUS`) VALUES
	(1, 1, 'jy0824539', '저도 거기 갔었는데 진짜 잘해주시더라구요 ㅎㅎ', '2023-04-07 05:22:04', '2023-04-07 05:22:04', 0),
	(2, 2, 'ssafyuser4', '저는 기아요', '2023-04-07 05:25:38', '2023-04-07 05:25:38', 0),
	(3, 3, 'ssafyuser6', '꿀팁 감사합니다!', '2023-04-07 06:02:04', '2023-04-07 06:02:04', 0),
	(4, 11, 'ssafyuser5', '오늘 처음 가입했어요~', '2023-04-07 06:02:16', '2023-04-07 06:02:16', 0),
	(5, 13, 'ssafyuser5', '웃고갑니다', '2023-04-07 06:02:24', '2023-04-07 06:02:24', 0),
	(6, 10, 'ssafyuser8', '긴글 잘 읽고 가요:)', '2023-04-07 06:07:24', '2023-04-07 06:07:24', 0);

-- 테이블 데이터 S08P22D209.MWS_COMPANY:~67 rows (대략적) 내보내기
INSERT INTO `MWS_COMPANY` (`ID`, `ACCOUNT_ID`, `BRN`) VALUES
	(9, 'wefix001', '1148600579'),
	(18, 'wecheck1', '1148600579'),
	(25, 'wetrust1', '1148600579'),
	(29, 'wecheck2', '1148600579'),
	(33, 'wefix002', '1148600580'),
	(34, 'wefix003', '1148600579'),
	(35, 'wefix004', '1148600579'),
	(36, 'wefix005', '1148600579'),
	(37, 'wefix006', '1148600579'),
	(38, 'wefix007', '1148600579'),
	(39, 'wefix008', '1148600579'),
	(40, 'wefix009', '1148600579'),
	(41, 'wefix010', '1148600579'),
	(42, 'wefix011', '1148600579'),
	(43, 'wefix012', '1148600579'),
	(44, 'wefix013', '1148600579'),
	(45, 'wefix014', '1148600579'),
	(46, 'wefix015', '1148600579'),
	(47, 'wefix016', '1148600579'),
	(48, 'wefix017', '1148600579'),
	(49, 'wefix018', '1148600579'),
	(50, 'wefix019', '1148600579'),
	(51, 'wefix020', '1148600579'),
	(52, 'wefix021', '1148600579'),
	(53, 'wefix022', '1148600579'),
	(54, 'wefix023', '1148600579'),
	(55, 'wefix024', '1148600579'),
	(56, 'wefix025', '1148600579'),
	(57, 'wecheck3', '1148600579'),
	(59, 'sj_insurance', '4375892347'),
	(60, 'wecheck4', '1148600579'),
	(62, 'insure_ljh', '3452345342'),
	(63, 'wecheck5', '1148600579'),
	(65, 'wecheck6', '1148600579'),
	(66, 'wecheck7', '1148600579'),
	(67, 'wecheck8', '1148600579'),
	(68, 'wecheck9', '1148600579'),
	(69, 'wecheck10', '1148600579'),
	(70, 'wecheck11', '1148600579'),
	(71, 'wecheck12', '1148600579'),
	(72, 'wecheck13', '1148600579'),
	(73, 'wecheck14', '1148600579'),
	(74, 'wecheck15', '1148600579'),
	(75, 'wecheck16', '1148600579'),
	(76, 'wecheck17', '1148600579'),
	(77, 'wecheck18', '1148600579'),
	(78, 'wecheck19', '1148600579'),
	(79, 'wecheck20', '1148600579'),
	(80, 'wecheck21', '1148600579'),
	(81, 'wecheck22', '1148600579'),
	(82, 'wecheck23', '1148600579'),
	(83, 'wecheck24', '1148600579'),
	(84, 'wecheck25', '1148600579'),
	(85, 'wetrust2', '1148600579'),
	(86, 'wetrust3', '1148600579'),
	(87, 'wetrust4', '1148600579'),
	(88, 'wetrust5', '1148600579'),
	(89, 'wetrust6', '1148600579'),
	(90, 'wetrust7', '1148600579'),
	(91, 'wetrust8', '1148600579'),
	(92, 'wetrust9', '1148600579'),
	(93, 'wetrust10', '1148600579'),
	(94, 'wetrust11', '1148600579'),
	(95, 'wetrust12', '1148600579'),
	(96, 'wetrust13', '1148600579'),
	(97, 'wetrust14', '1148600579'),
	(98, 'wetrust15', '1148600579');

-- 테이블 데이터 S08P22D209.MWS_INSPECTOR:~27 rows (대략적) 내보내기
INSERT INTO `MWS_INSPECTOR` (`ID`, `ACCOUNT_ID`, `ADDRESS`, `LAT`, `LNG`) VALUES
	(1, 'wecheck1', '경북 구미시 야은로 722', 36.1247, 128.3582338),
	(2, 'wecheck2', '경북 구미시 야은로 722', 36.1247, 128.3582338),
	(3, 'wecheck3', '경북 구미시 새마을로 196', 36.1029751, 128.3580072),
	(4, 'sj_insurance', '서울 강남구 가로수길 5', 37.5182112, 127.0231651),
	(5, 'wecheck4', '경북 구미시 구미대로 142', 36.0992942, 128.3631093),
	(6, 'insure_ljh', '경남 창원시 마산회원구 회성남7길 2', 35.2338373, 128.5573675),
	(7, 'wecheck5', '경북 구미시 금오대로 368 오태종합자동차정비검사소', 36.0769662, 128.3522481),
	(8, 'wecheck6', '경북 구미시 오태길 217 남구미IC 출구 옆', 36.0716954, 128.3715301),
	(9, 'wecheck7', '경북 구미시 화신로8길 4-23', 36.1133663, 128.3582269),
	(10, 'wecheck8', '대구 서구 와룡로 376', 35.8663288, 128.537944),
	(11, 'wecheck9', '대구 서구 문화로 27', 35.8749388, 128.5357836),
	(12, 'wecheck10', '대구 달서구 월배로5길 10 (유천동)', 35.8127992, 128.5170833),
	(13, 'wecheck11', '대구 달서구 성서서로19길 48', 35.8338423, 128.4947877),
	(14, 'wecheck12', '대구 달서구 성서공단로 47 (호림동 6-9)', 35.835329, 128.4878215),
	(15, 'wecheck13', '대구 서구 국채보상로 76 1층', 35.8684157, 128.5394314),
	(16, 'wecheck14', '대구 달성군 화원읍 사문진로5길 55 화원삼보정비검사소', 35.8093134, 128.4941907),
	(17, 'wecheck15', '대구 북구 모산골길 14', 35.9093867, 128.6260307),
	(18, 'wecheck16', '대구 서구 와룡로 376', 35.8663288, 128.537944),
	(19, 'wecheck17', '경남 창원시 마산회원구 회성남7길 2', 35.2338373, 128.5573675),
	(20, 'wecheck18', '경남 창원시 마산회원구 회성남7길 2', 35.2338373, 128.5573675),
	(21, 'wecheck19', '경남 창원시 마산회원구 회성남7길 2', 35.2338373, 128.5573675),
	(22, 'wecheck20', '경남 창원시 마산회원구 회성남7길 2', 35.2338373, 128.5573675),
	(23, 'wecheck21', '경남 창원시 마산회원구 회성남7길 2', 35.2338373, 128.5573675),
	(24, 'wecheck22', '경남 창원시 마산회원구 회성남7길 2', 35.2338373, 128.5573675),
	(25, 'wecheck23', '경남 창원시 마산회원구 회성남7길 2', 35.2338373, 128.5573675),
	(26, 'wecheck24', '경남 창원시 마산회원구 회성남7길 2', 35.2338373, 128.5573675),
	(27, 'wecheck25', '경남 창원시 마산회원구 회성남7길 2', 35.2338373, 128.5573675);

-- 테이블 데이터 S08P22D209.MWS_INSPECTOR_REVIEW:~0 rows (대략적) 내보내기

-- 테이블 데이터 S08P22D209.MWS_INSPECT_BOOK:~10 rows (대략적) 내보내기
INSERT INTO `MWS_INSPECT_BOOK` (`ID`, `CAR_ID`, `INSPECTOR_ID`, `ACCOUNT_ID`, `CONTENT`, `BOOK_STATUS`, `BOOK_DT`, `REG_DT`, `UPT_DT`, `STATUS`) VALUES
	(1, 7, 1, 'jy0824539', '냉각수 보충', 0, '2023-03-01', '2023-03-30 00:00:00', '2023-04-06 00:00:00', 0),
	(2, 8, 1, 'jy0824539', '냉각수 보충', 0, '2023-03-04', '2023-03-30 00:00:00', '2023-04-06 00:00:00', 0),
	(3, 9, 1, 'jy0824539', '냉각수 보충', 0, '2023-03-11', '2023-03-30 00:00:00', '2023-04-06 00:00:00', 0),
	(4, 10, 1, 'jy0824539', '냉각수 보충', 0, '2023-03-17', '2023-03-30 00:00:00', '2023-04-06 00:00:00', 0),
	(5, 10, 1, 'jy0824539', '냉각수 보충', 0, '2023-03-22', '2023-03-30 00:00:00', '2023-04-06 00:00:00', 0),
	(6, 11, 1, 'jy0824539', '냉각수 보충', 0, '2023-03-23', '2023-03-30 00:00:00', '2023-04-06 00:00:00', 0),
	(7, 8, 1, 'jy0824539', '냉각수 보충', 0, '2023-03-30', '2023-03-30 00:00:00', '2023-04-06 00:00:00', 0),
	(8, 7, 1, 'jy0824539', '냉각수 보충', 0, '2023-04-01', '2023-03-30 00:00:00', '2023-04-06 00:00:00', 0),
	(9, 9, 1, 'jy0824539', '냉각수 보충', 0, '2023-04-01', '2023-03-30 00:00:00', '2023-04-06 00:00:00', 0),
	(10, 9, 1, 'jy0824539', '냉각수 보충', 0, '2023-04-05', '2023-03-30 00:00:00', '2023-04-06 00:00:00', 0);

-- 테이블 데이터 S08P22D209.MWS_INSPECT_RESULT:~0 rows (대략적) 내보내기

-- 테이블 데이터 S08P22D209.MWS_INSURANCE_COM:~15 rows (대략적) 내보내기
INSERT INTO `MWS_INSURANCE_COM` (`ID`, `ACCOUNT_ID`) VALUES
	(1, 'wetrust1'),
	(10, 'wetrust10'),
	(11, 'wetrust11'),
	(12, 'wetrust12'),
	(13, 'wetrust13'),
	(14, 'wetrust14'),
	(15, 'wetrust15'),
	(2, 'wetrust2'),
	(3, 'wetrust3'),
	(4, 'wetrust4'),
	(5, 'wetrust5'),
	(6, 'wetrust6'),
	(7, 'wetrust7'),
	(8, 'wetrust8'),
	(9, 'wetrust9');

-- 테이블 데이터 S08P22D209.MWS_REPAIR_BOOK:~10 rows (대략적) 내보내기
INSERT INTO `MWS_REPAIR_BOOK` (`ID`, `CAR_ID`, `REPAIR_SHOP_ID`, `ACCOUNT_ID`, `CONTENT`, `BOOK_STATUS`, `BOOK_DT`, `REG_DT`, `UPT_DT`, `STATUS`) VALUES
	(1, 10, 1, 'jy0824539', '앞유리 파손', 1, '2023-04-07', '2023-04-07 06:22:47', '2023-04-07 06:22:47', 0),
	(2, 8, 1, 'jy0824539', '브레이크 고장', 0, '2023-04-07', '2023-04-07 06:23:21', '2023-04-07 06:23:22', 0),
	(3, 9, 1, 'jy0824539', '백미러 거울 파손', 0, '2023-04-07', '2023-04-07 06:23:56', '2023-04-07 06:23:59', 0),
	(4, 10, 1, 'jy0824539', '시트 교체', 0, '2023-04-07', '2023-04-07 06:24:40', '2023-04-07 06:24:41', 0),
	(5, 7, 1, 'jy0824539', '계기판 고장', 0, '2023-04-07', '2023-04-07 06:25:59', '2023-04-07 06:25:58', 0),
	(6, 7, 1, 'jy0824539', '핸들 교체', 1, '2023-04-07', '2023-04-07 06:26:41', '2023-04-07 06:26:41', 0),
	(7, 9, 1, 'jy0824539', '배터리 교체', 0, '2023-04-07', '2023-04-07 06:27:14', '2023-04-07 06:27:14', 0),
	(8, 8, 1, 'jy0824539', '브레이크 고장', 0, '2023-04-07', '2023-04-07 06:27:44', '2023-04-07 06:27:45', 0),
	(9, 6, 1, 'jy0824539', '뒷유리 파손', 1, '2023-04-07', '2023-04-07 06:28:14', '2023-04-07 06:28:14', 0),
	(10, 10, 1, 'jy0824539', '옆유리 파손', 0, '2023-04-07', '2023-04-07 06:28:38', '2023-04-07 06:28:39', 0);

-- 테이블 데이터 S08P22D209.MWS_REPAIR_RESULT:~1 rows (대략적) 내보내기
INSERT INTO `MWS_REPAIR_RESULT` (`ID`, `REPAIR_BOOK_ID`, `CONTENT`, `MILEAGE`, `BEFORE_IMG_NM`, `AFTER_IMG_NM`, `RECEIPT_IMG_NM`, `REPAIR_PRICE`, `REPAIR_DT`, `CONTRACT_HASH`, `METADATA_URI`, `REG_DT`) VALUES
	(1, 1, '앞유리 수리완료', 100, '0', '0', '0', 30000, '2023-04-07 06:51:40', '00', '00', '2023-04-07 06:51:49'),
	(2, 9, '뒷유리 파손', 100, '0', '0', '0', 50000, '2023-04-07 06:53:05', '00', '00', '2023-04-07 06:53:04'),
	(3, 6, '핸들 교체 완료', 100, '0', '0', '0', 40000, '2023-04-07 06:54:32', '00', '00', '2023-04-07 06:54:35');

-- 테이블 데이터 S08P22D209.MWS_REPAIR_SHOP:~25 rows (대략적) 내보내기
INSERT INTO `MWS_REPAIR_SHOP` (`ID`, `ACCOUNT_ID`, `ADDRESS`, `LAT`, `LNG`) VALUES
	(1, 'wefix001', '경북 구미시 인동북길 77', 36.1000281, 128.4256444),
	(2, 'wefix002', '경북 구미시 삼일로 54 타이어프로 인동점', 36.1098166, 128.4178323),
	(3, 'wefix003', '경북 구미시 인동8길 7', 36.1020937, 128.4222237),
	(4, 'wefix004', '경북 구미시 인동15길 25-1 쌍용자동차 구미인동서비스프라자', 36.10121, 128.4274298),
	(5, 'wefix005', '경북 구미시 인동남길 40', 36.1020105, 128.4226576),
	(6, 'wefix006', '경북 구미시 인동북길 55', 36.1015562, 128.4242517),
	(7, 'wefix007', '경북 구미시 인동11길 20-8', 36.1012351, 128.4264266),
	(8, 'wefix008', '대전 유성구 원신흥로55번길 66-20', 127.343814, 127.343814),
	(9, 'wefix009', '대전 유성구 원신흥로55번길 66-20', 127.343814, 127.343814),
	(10, 'wefix010', '대전 유성구 원신흥로55번길 66-20', 36.339277, 127.343814),
	(11, 'wefix011', '대전 유성구 원신흥로55번길 66-20', 36.339277, 127.343814),
	(12, 'wefix012', '대전 유성구 원신흥로55번길 66-20', 36.339277, 127.343814),
	(13, 'wefix013', '대전 유성구 원신흥로55번길 66-20', 36.339277, 127.343814),
	(14, 'wefix014', '대전 유성구 원신흥로55번길 66-20', 36.339277, 127.343814),
	(15, 'wefix015', '대전 유성구 원신흥로55번길 66-20', 36.339277, 127.343814),
	(16, 'wefix016', '대전 유성구 원신흥로55번길 66-20', 36.339277, 127.343814),
	(17, 'wefix017', '대전 유성구 원신흥로55번길 66-20', 36.339277, 127.343814),
	(18, 'wefix018', '대전 유성구 원신흥로55번길 66-20', 36.339277, 127.343814),
	(19, 'wefix019', '대전 유성구 원신흥로55번길 66-20', 36.339277, 127.343814),
	(20, 'wefix020', '대전 유성구 원신흥로55번길 66-20', 36.339277, 127.343814),
	(21, 'wefix021', '대전 유성구 원신흥로55번길 66-20', 36.339277, 127.343814),
	(22, 'wefix022', '대전 유성구 원신흥로55번길 66-20', 36.339277, 127.343814),
	(23, 'wefix023', '대전 유성구 원신흥로55번길 66-20', 36.339277, 127.343814),
	(24, 'wefix024', '대전 유성구 원신흥로55번길 66-20', 36.339277, 127.343814),
	(25, 'wefix025', '대전 유성구 원신흥로55번길 66-20', 36.339277, 127.343814);

-- 테이블 데이터 S08P22D209.MWS_REPAIR_SHOP_REVIEW:~0 rows (대략적) 내보내기

-- 테이블 데이터 S08P22D209.MWS_SELF_REPAIR:~9 rows (대략적) 내보내기
INSERT INTO `MWS_SELF_REPAIR` (`ID`, `TITLE`, `CONTENT`, `REG_DT`, `UPT_DT`, `STATUS`) VALUES
	(1, '타이어 체크', '- 경화현상 : 딱딱해진 타이어는 대형 사고의 원인이 될 수 있다\r\n- 마모도 : 마모된 타이어는 차량의 제동 능력을 저하할 뿐만 아니라 우천 시 수막현상을 발생시켜 안전사고의 위험이 증가한다. 타이어의 마모 정도를 알아보기 위해서는 100원짜리 동전을 타이어 홈에 넣어 이순신 장군 감투가 반 이상 보인다면 교체가 필요한 시점이다.\r\n- 공기압 : 공기압 유지는 접지력 확보와 마찰력의 손실을 줄여 안전운전과 함께 연비향상에 도움이 된다.', '2023-04-01 00:00:00', '2023-04-01 00:00:00', 0),
	(2, '배터리 점검', '- 교체주기:2 ~ 3년\r\n- 약 3년을 주기적으로 교체해야한다.\r\n- 차량 보닛을 열어 배터리 인디케이터 불빛의 색깔을 확인하면 된다. 녹색은 정상, 검은색은 충전 필요, 흰색은 교체가 필요하다는 뜻이다.', '2023-04-01 00:00:00', '2023-04-01 00:00:00', 0),
	(3, '엔진오일', '- 교환주기 : 1년 또는 1만 km당 1번 이상\r\n- 평균적으로 주행거리 약 1만~2만 km 주기로 교체할 것을 권장. \r\n- 자동차 시동을 끄고 5분 정도가 지난 후 보닛을 열고 노란색 엔진 오일 게이지를 뽑아 휴지 또는 천으로 닦은 후 게이지를 다시 넣었다가 뽑아서 오일이 게이지의 F(full)와 L(low)사이에 묻어있다면 정상. \r\n- 엔진 오일이 노란색이 아닌 검갈색이라면 교체해줘야 한다.', '2023-04-01 00:00:00', '2023-04-01 00:00:00', 0),
	(4, '냉각수', '- 교환주기 : 2 ~ 5년\r\n- 냉각수는 MAX와 MIN 사이에 있어야 정상이므로 그 이하로 남아있다면 보충이 필요하다. \r\n- 냉각수는 통상적으로 주행거리 4만 km마다 교체할 것을 권장한다. \r\n- 부동액과 물의 비율에서 냉각수(부동액)비율을 50% 넘게 희석하는 것은 엔진이 녹스는 원인이 될 수 있다', '2023-04-01 00:00:00', '2023-04-01 00:00:00', 0),
	(5, '브레이크 점검', '- 브레이크 오일은 브레이크의 제동력이 유지되도록 도와주는 액체로 주행거리 약 3만 km를 기준으로 교체할 것을 권장한다.\r\n- 브레이크 패드 : 브레이크를 밟을 때 평소보다 밀리거나 \'삐익\'하는 소리가 난다면 브레이크 패드를 점검해야 한다.\r\n- 오토 차량 시동 걸때 확인 가능.\r\n', '2023-04-01 00:00:00', '2023-04-01 00:00:00', 0),
	(6, '전구류 점검', '- 전조등, 방향지시등과 브레이크등의 점검도 필요하다. \r\n- 본인이 확인할 수 없기에 다른 동승자나 정비센터를 찾아 브레이크 등을 비롯한 각종 전구류의 작동 확인을 하는 것이 중요하다.', '2023-04-01 00:00:00', '2023-04-01 00:00:00', 0),
	(7, '계기판', '- 브레이크 경고등 : 사이드브레이크를 내리지 않고 주행 시작 시 작동. 만약 브레이크를 내렸는데도 여전히 켜져 있다면 브레이크액이 부족하다는 신호 또는 ABS 시스템의 문제이거나 다른경우다.\r\n- 냉각수 수온 경고등 : 냉각수 온도가 120도 즉 엔진이 과도하게 뜨거울 때 빨간색이 켜집니다. 엔진 과열 증상은 냉각수 레벨, 팬 작동, 라디에이터 캡 , 냉각수 누출 등의 경우로 발생할 수 있다. 경고등이 파란색이면 정상이며, 빨간색과 파란색이 번갈아 깜박인다면 냉각장치를 관장하는 전기 장치의 이상일 가능성이 있으므로 운행을 중지해야 한다.\r\n- 엔진오일 경고등 : 엔진오일 경고등은 시동을 걸자마자 사라져야 한다. 하지만 경고등이 사라지지 않고 켜져있다면 엔진오일 레벨 도는 유압이 낮을 때를 의미한다. 이 경우 오일의 양과 압력을 점검하고 오일 부족 시 충전 해야 한다. 오일을 보충했는데도 경고등이 꺼지지 않는다면 정비소를 방문해서 확인하는게 좋다.\r\n- 충전 경고등 : 배터리 전압이 적정 수준보다 낮거나 충전장치가 고장난 경우에 켜지는 경고등이다. 시동 중 잠시 켜지는 것은 정상이지만 달리는 도중에 충전 경고등이 들어오면 차에 이상이 생긴것이므로 즉각 차를 세우고 엔진을 꺼야 한다. 또한 보닛을 열고 자동차 내부 팬을 돌리는 팬벨트가 끊어졌는지 확인한 후, 배터리 단자 교류 발전기 벨트, 배터리 상태를 체크해야 한다.\r\n', '2023-04-01 00:00:00', '2023-04-01 00:00:00', 0),
	(8, '계기판\r\n(빠른 조치가 필요한 경고등)', '- 그 외의 빠른 조치가 필요한 경고등\r\n- 엔진경고등 : 엔진 전자제어장치나 배기가스 제어 관련 센서 이상\r\n- ABS경고등 : 바퀴가 잠기는 현사을 방지하기 위해 장착된 특수 브레이크 이상\r\n- 에어백 경고등 : 에어백 이상\r\n- TPMS 경고등 : 타이어의 공기압이 낮을 경우 점등\r\n- VDC경고등 :  바퀴 브레이크의 압력과 엔진출력을 제어하는 장치 이상', '2023-04-01 00:00:00', '2023-04-01 00:00:00', 0),
	(9, '와이퍼', '- 교환주기 : 6개월~1년\r\n- 핵심은 유리와의 밀착 정도\r\n- 와이퍼를 차 유리와 직각으로 당겨 관절 부분을 꺾어 세운 후 와이퍼 고무에 금이 가거나 찢은 곳은 없는지 또 와이퍼 측면에서 봤을 때 고무날이 잘 서있는지 확인한다.\r\n- 휘어지거나 처져있는 경우 자동차 유리에 제대로 밀착하지 못해 얼룩이 발생하며 와이퍼 수명도 짧아지기 때문에 주기적인 점검이 꼭필요', '2023-04-01 00:00:00', '2023-04-01 00:00:00', 0);

-- 테이블 데이터 S08P22D209.MWS_SMS_AUTH:~15 rows (대략적) 내보내기
INSERT INTO `MWS_SMS_AUTH` (`ID`, `PHONE_NM`, `AUTH_NM`, `REG_DT`, `EXP_DT`, `STATUS`) VALUES
	(1, '01088775038', '948004', '2023-04-07 03:56:39', '2023-04-07 03:59:39', 1),
	(2, '01027235608', '673414', '2023-04-07 04:01:09', '2023-04-07 04:04:09', 1),
	(3, '01012345678', '737214', '2023-04-07 04:01:25', '2023-04-07 04:04:25', 1),
	(4, '01025983469', '663644', '2023-04-07 04:04:24', '2023-04-07 04:07:24', 1),
	(5, '01012345678', '112888', '2023-04-07 04:05:21', '2023-04-07 04:08:21', 1),
	(6, '01023468536', '194898', '2023-04-07 04:05:54', '2023-04-07 04:08:54', 1),
	(7, '01034578937', '665347', '2023-04-07 04:16:56', '2023-04-07 04:19:56', 1),
	(8, '01000000000', '543812', '2023-04-07 04:19:21', '2023-04-07 04:22:21', 1),
	(9, '01011111111', '614182', '2023-04-07 04:23:47', '2023-04-07 04:26:47', 1),
	(10, '01022222222', '749293', '2023-04-07 04:25:30', '2023-04-07 04:28:30', 1),
	(11, '01022222222', '101059', '2023-04-07 04:26:10', '2023-04-07 04:29:10', 1),
	(12, '01022222222', '506172', '2023-04-07 04:27:05', '2023-04-07 04:30:05', 1),
	(13, '01022222222', '196586', '2023-04-07 04:28:25', '2023-04-07 04:31:25', 1),
	(14, '01045896394', '325493', '2023-04-07 04:29:14', '2023-04-07 04:32:14', 0),
	(15, '01045896394', '592246', '2023-04-07 04:32:29', '2023-04-07 04:35:29', 1),
	(16, '01034589349', '610375', '2023-04-07 04:38:47', '2023-04-07 04:41:47', 0),
	(17, '01012345678', '434174', '2023-04-07 05:14:47', '2023-04-07 05:17:47', 1);

-- 테이블 데이터 S08P22D209.MWS_TERMS:~2 rows (대략적) 내보내기
INSERT INTO `MWS_TERMS` (`ID`, `CONTENT`) VALUES
	(1, '네이버 서비스 이용약관은 다음과 같은 내용을 담고 있습니다.\r\n\r\n인쇄하기\r\n여러분을 환영합니다.\r\n다양한 네이버 서비스를 즐겨보세요.\r\n회원으로 가입하시면 네이버 서비스를 보다 편리하게 이용할 수 있습니다.\r\n여러분이 제공한 콘텐츠를 소중히 다룰 것입니다.\r\n여러분의 개인정보를 소중히 보호합니다.\r\n타인의 권리를 존중해 주세요.\r\n네이버 서비스 이용과 관련하여 몇 가지 주의사항이 있습니다.\r\n네이버에서 제공하는 다양한 포인트를 요긴하게 활용해 보세요.\r\n부득이 서비스 이용을 제한할 경우 합리적인 절차를 준수합니다.\r\n네이버의 잘못은 네이버가 책임집니다.\r\n일부 네이버 서비스에는 광고가 포함되어 있습니다.\r\n언제든지 네이버 서비스 이용계약을 해지하실 수 있습니다.\r\n서비스 중단 또는 변경 시 꼭 알려드리겠습니다.\r\n주요 사항을 잘 안내하고 여러분의 소중한 의견에 귀 기울이겠습니다.\r\n여러분이 쉽게 알 수 있도록 약관 및 운영정책을 게시하며 사전 공지 후 개정합니다.\r\n여러분을 환영합니다.\r\n네이버 서비스 및 제품(이하 ‘서비스’)을 이용해 주셔서 감사합니다. 본 약관은 다양한 네이버 서비스의 이용과 관련하여 네이버 서비스를 제공하는 네이버 주식회사(이하 ‘네이버’)와 이를 이용하는 네이버 서비스 회원(이하 ‘회원’) 또는 비회원과의 관계를 설명하며, 아울러 여러분의 네이버 서비스 이용에 도움이 될 수 있는 유익한 정보를 포함하고 있습니다.\r\n\r\n네이버 서비스를 이용하시거나 네이버 서비스 회원으로 가입하실 경우 여러분은 본 약관 및 관련 운영 정책을 확인하거나 동의하게 되므로, 잠시 시간을 내시어 주의 깊게 살펴봐 주시기 바랍니다\r\n\r\n다양한 네이버 서비스를 즐겨보세요.\r\n네이버는 www.naver.com을 비롯한 네이버 도메인의 웹사이트 및 응용프로그램(어플리케이션, 앱)을 통해 정보 검색, 다른 이용자와의 커뮤니케이션, 콘텐츠 제공, 상품 쇼핑 등 여러분의 생활에 편리함을 더할 수 있는 다양한 서비스를 제공하고 있습니다. 여러분은 PC, 휴대폰 등 인터넷 이용이 가능한 각종 단말기를 통해 각양각색의 네이버 서비스를 자유롭게 이용하실 수 있으며, 개별 서비스들의 구체적인 내용은 각 서비스 상의 안내, 공지사항, 네이버 웹고객센터(이하‘고객센터’) 도움말 등에서 쉽게 확인하실 수 있습니다.\r\n\r\n네이버는 기본적으로 여러분 모두에게 동일한 내용의 서비스를 제공합니다. 다만,\'청소년보호법\'등 관련 법령이나 기타 개별 서비스 제공에서의 특별한 필요에 의해서 연령 또는 일정한 등급을 기준으로 이용자를 구분하여 제공하는 서비스의 내용, 이용 시간, 이용 횟수 등을 다르게 하는 등 일부 이용을 제한하는 경우가 있습니다. 자세한 내용은 역시 각 서비스 상의 안내, 공지사항, 고객센터 도움말 등에서 확인하실 수 있습니다.\r\n\r\n네이버 서비스에는 기본적으로 본 약관이 적용됩니다만 네이버가 다양한 서비스를 제공하는 과정에서 부득이 본 약관 외 별도의 약관, 운영정책 등을 적용하는 경우(예, 네이버페이, V LIVE 등)가 있습니다. 그리고 네이버 계열사가 제공하는 특정 서비스의 경우에도(예, LINE, SNOW등) 해당 운영 회사가 정한 고유의 약관, 운영정책 등이 적용될 수 있습니다. 이러한 내용은 각각의 해당 서비스 초기 화면에서 확인해 주시기 바랍니다.\r\n\r\n회원으로 가입하시면 네이버 서비스를 보다 편리하게 이용할 수 있습니다.\r\n여러분은 본 약관을 읽고 동의하신 후 회원 가입을 신청하실 수 있으며, 네이버는 이에 대한 승낙을 통해 회원 가입 절차를 완료하고 여러분께 네이버 서비스 이용 계정(이하 ‘계정’)을 부여합니다. 계정이란 회원이 네이버 서비스에 로그인한 이후 이용하는 각종 서비스 이용 이력을 회원 별로 관리하기 위해 설정한 회원 식별 단위를 말합니다.\r\n\r\n회원은 자신의 계정을 통해 좀더 다양한 네이버 서비스를 보다 편리하게 이용할 수 있습니다. 이와 관련한 상세한 내용은 계정 운영정책 및 고객센터 내 네이버 회원가입 방법 등에서 확인해 주세요.\r\n\r\n네이버는 단체에 속한 여러 구성원들이 공동의 계정으로 네이버 서비스를 함께 이용할 수 있도록 단체회원 계정도 부여하고 있습니다. 단체회원 구성원들은 하나의 계정 및 아이디(ID)를 공유하되 각자 개별적으로 설정한 비밀번호를 입력하여 계정에 로그인하고 각종 서비스를 이용하게 됩니다. 단체회원은 관리자와 멤버로 구성되며, 관리자는 구성원 전부로부터 권한을 위임 받아 단체회원을 대표하고 단체회원 계정을 운용합니다. 따라서 관리자는 단체회원 계정을 통해 별도 약관 또는 기존 약관 개정에 대해 동의하거나 단체회원에서 탈퇴할 수 있고, 멤버들의 단체회원 계정 로그인 방법 및 이를 통한 게시물 게재 등 네이버 서비스 이용을 관리(게시물 삭제 포함)할 수 있습니다. 본 약관에서 규정한 사항은 원칙적으로 구성원 모두에게 적용되며, 각각의 구성원은 다른 구성원들의 단체회원 계정 및 아이디(ID)를 통한 서비스 이용에 관해 연대책임을 부담합니다.\r\n\r\n단체회원 계정 사용에서의 관리자, 멤버 등의 권한 및 (공동)책임에 관한 사항 등은 계정 운영정책 및 고객센터 내 네이버 단체회원(단체 아이디) 소개 등에서 확인해 주시기 바랍니다.\r\n\r\n여러분이 제공한 콘텐츠를 소중히 다룰 것입니다.\r\n네이버는 여러분이 게재한 게시물이 네이버 서비스를 통해 다른 이용자들에게 전달되어 우리 모두의 삶을 더욱 풍요롭게 해줄 것을 기대합니다. 게시물은 여러분이 타인 또는 자신이 보게 할 목적으로 네이버 서비스 상에 게재한 부호, 문자, 음성, 음향, 그림, 사진, 동영상, 링크 등으로 구성된 각종 콘텐츠 자체 또는 파일을 말합니다.\r\n\r\n네이버는 여러분의 생각과 감정이 표현된 콘텐츠를 소중히 보호할 것을 약속 드립니다. 여러분이 제작하여 게재한 게시물에 대한 지식재산권 등의 권리는 당연히 여러분에게 있습니다.\r\n\r\n한편, 네이버 서비스를 통해 여러분이 게재한 게시물을 적법하게 제공하려면 해당 콘텐츠에 대한 저장, 복제, 수정, 공중 송신, 전시, 배포, 2차적 저작물 작성(단, 번역에 한함) 등의 이용 권한(기한과 지역 제한에 정함이 없으며, 별도 대가 지급이 없는 라이선스)이 필요합니다. 게시물 게재로 여러분은 네이버에게 그러한 권한을 부여하게 되므로, 여러분은 이에 필요한 권리를 보유하고 있어야 합니다.\r\n\r\n네이버는 여러분이 부여해 주신 콘텐츠 이용 권한을 저작권법 등 관련 법령에서 정하는 바에 따라 네이버 서비스 내 노출, 서비스 홍보를 위한 활용, 서비스 운영, 개선 및 새로운 서비스 개발을 위한 연구, 웹 접근성 등 법률상 의무 준수, 외부 사이트에서의 검색, 수집 및 링크 허용을 위해서만 제한적으로 행사할 것입니다. 만약, 그 밖의 목적을 위해 부득이 여러분의 콘텐츠를 이용하고자 할 경우엔 사전에 여러분께 설명을 드리고 동의를 받도록 하겠습니다.\r\n\r\n또한 여러분이 제공한 소중한 콘텐츠는 네이버 서비스를 개선하고 새로운 네이버 서비스를 제공하기 위해 인공지능 분야 기술 등의 연구 개발 목적으로 네이버 및 네이버 계열사에서 사용될 수 있습니다. 네이버는 지속적인 연구 개발을 통해 여러분께 좀 더 편리하고 유용한 서비스를 제공해 드릴 수 있도록 최선을 다하겠습니다.\r\n\r\n네이버는 여러분이 자신이 제공한 콘텐츠에 대한 네이버 또는 다른 이용자들의 이용 또는 접근을 보다 쉽게 관리할 수 있도록 다양한 수단을 제공하기 위해 노력하고 있습니다. 여러분은 네이버 서비스 내에 콘텐츠 삭제, 비공개 등의 관리기능이 제공되는 경우 이를 통해 직접 타인의 이용 또는 접근을 통제할 수 있고, 고객센터를 통해서도 콘텐츠의 삭제, 비공개, 검색결과 제외 등의 조치를 요청할 수 있습니다. 다만, 일부 네이버 서비스의 경우 삭제, 비공개 등의 처리가 어려울 수 있으며, 이러한 내용은 각 서비스 상의 안내, 공지사항, 고객센터 도움말 등에서 확인해 주시길 부탁 드립니다.\r\n\r\n여러분의 개인정보를 소중히 보호합니다.\r\n네이버는 서비스의 원활한 제공을 위하여 회원이 동의한 목적과 범위 내에서만 개인정보를 수집.이용하며, 개인정보 보호 관련 법령에 따라 안전하게 관리합니다. 네이버가 이용자 및 회원에 대해 관련 개인정보를 안전하게 처리하기 위하여 기울이는 노력이나 기타 상세한 사항은 개인정보 처리방침에서 확인하실 수 있습니다.\r\n\r\n네이버는 여러분이 서비스를 이용하기 위해 일정 기간 동안 로그인 혹은 접속한 기록이 없는 경우, 전자메일, 서비스 내 알림 또는 기타 적절한 전자적 수단을 통해 사전에 안내해 드린 후 여러분의 정보를 파기하거나 분리 보관할 수 있으며, 만약 이로 인해 서비스 제공을 위해 필수적인 정보가 부족해질 경우 부득이 관련 서비스 이용계약을 해지할 수 있습니다.\r\n\r\n타인의 권리를 존중해 주세요.\r\n여러분이 무심코 게재한 게시물로 인해 타인의 저작권이 침해되거나 명예훼손 등 권리 침해가 발생할 수 있습니다. 네이버는 이에 대한 문제 해결을 위해 ‘정보통신망 이용촉진 및 정보보호 등에 관한 법률’ 및 ‘저작권법’ 등을 근거로 권리침해 주장자의 요청에 따른 게시물 게시중단, 원 게시자의 이의신청에 따른 해당 게시물 게시 재개 등을 내용으로 하는 게시중단요청서비스를 운영하고 있습니다. 보다 상세한 내용 및 절차는 고객센터 내 게시중단요청서비스 소개를 참고해 주세요.\r\n\r\n한편, 네이버 서비스를 통해 타인의 콘텐츠를 이용한다고 하여 여러분이 해당 콘텐츠에 대한 지식재산권을 보유하게 되는 것은 아닙니다. 여러분이 해당 콘텐츠를 자유롭게 이용하기 위해서는 그 이용이 저작권법 등 관련 법률에 따라 허용되는 범위 내에 있거나, 해당 콘텐츠의 지식재산권자로부터 별도의 이용 허락을 받아야 하므로 각별한 주의가 필요합니다.\r\n\r\n네이버는 여러분이 네이버 서비스를 마음껏 이용할 수 있도록 여러분께 네이버 서비스에 수반되는 관련 소프트웨어 사용에 관한 이용 권한을 부여합니다. 이 경우 여러분의 자유로운 이용은 네이버가 제시하는 이용 조건에 부합하는 범위 내에서만 허용되고, 이러한 권한은 양도가 불가능하며, 비독점적 조건 및 법적고지가 적용된다는 점을 유의해 주세요.\r\n\r\n네이버에서 제공하는 다양한 포인트를 요긴하게 활용해 보세요.\r\n네이버는 여러분이 네이버 서비스를 효율적으로 이용할 수 있도록 포인트를 부여하고 있습니다. 포인트는 여러분의 일정한 네이버 서비스 이용과 연동하여 네이버가 임의로 책정하거나 조정하여 지급하는 일정한 계산 단위를 갖는 서비스 상의 가상 데이터를 말합니다. 포인트는 재산적 가치가 없기 때문에 금전으로 환불 또는 전환할 수 없지만, 포인트의 많고 적음에 따라 여러분의 네이버 서비스 이용에 영향을 주는 경우가 있으므로 경우에 따라 적절히 활용해 보세요.\r\n\r\n네이버는 네이버 서비스의 효율적 이용을 지원하거나 서비스 운영을 개선하기 위해 필요한 경우 사전에 여러분께 안내 드린 후 부득이 포인트의 일부 또는 전부를 조정할 수 있습니다. 그리고 포인트는 네이버가 정한 기간에 따라 주기적으로 소멸할 수도 있으니 포인트가 부여되는 네이버 서비스 이용 시 유의해 주시기 바랍니다.\r\n\r\n네이버 서비스 이용과 관련하여 몇 가지 주의사항이 있습니다.\r\n네이버는 여러분이 네이버 서비스를 자유롭고 편리하게 이용할 수 있도록 최선을 다하고 있습니다. 다만, 여러분이 네이버 서비스를 보다 안전하게 이용하고 네이버 서비스에서 여러분과 타인의 권리가 서로 존중되고 보호받으려면 여러분의 도움과 협조가 필요합니다. 여러분의 안전한 서비스 이용과 권리 보호를 위해 부득이 아래와 같은 경우 여러분의 게시물 게재나 네이버 서비스 이용이 제한될 수 있으므로, 이에 대한 확인 및 준수를 요청 드립니다.\r\n\r\n회원 가입 시 이름, 생년월일, 휴대전화번호 등의 정보를 허위로 기재해서는 안 됩니다. 회원 계정에 등록된 정보는 항상 정확한 최신 정보가 유지될 수 있도록 관리해 주세요. 자신의 계정을 다른 사람에게 판매, 양도, 대여 또는 담보로 제공하거나 다른 사람에게 그 사용을 허락해서는 안 됩니다. 아울러 자신의 계정이 아닌 타인의 계정을 무단으로 사용해서는 안 됩니다. 이에 관한 상세한 내용은 계정 운영정책을 참고해 주시기 바랍니다.\r\n타인에 대해 직접적이고 명백한 신체적 위협을 가하는 내용의 게시물, 타인의 자해 행위 또는 자살을 부추기거나 권장하는 내용의 게시물, 타인의 신상정보, 사생활 등 비공개 개인정보를 드러내는 내용의 게시물, 타인을 지속적으로 따돌리거나 괴롭히는 내용의 게시물, 성매매를 제안, 알선, 유인 또는 강요하는 내용의 게시물, 공공 안전에 대해 직접적이고 심각한 위협을 가하는 내용의 게시물은 제한될 수 있습니다.\r\n관련 법령상 금지되거나 형사처벌의 대상이 되는 행위를 수행하거나 이를 교사 또는 방조하는 등의 범죄 관련 직접적인 위험이 확인된 게시물, 관련 법령에서 홍보, 광고, 판매 등을 금지하고 있는 물건 또는 서비스를 홍보, 광고, 판매하는 내용의 게시물, 타인의 지식재산권 등을 침해하거나 모욕, 사생활 침해 또는 명예훼손 등 타인의 권리를 침해하는 내용이 확인된 게시물은 제한될 수 있습니다.\r\n자극적이고 노골적인 성행위를 묘사하는 등 타인에게 성적 수치심을 유발시키거나 왜곡된 성 의식 등을 야기할 수 있는 내용의 게시물, 타인에게 잔혹감 또는 혐오감을 일으킬 수 있는 폭력적이고 자극적인 내용의 게시물, 본인 이외의 자를 사칭하거나 허위사실을 주장하는 등 타인을 기만하는 내용의 게시물, 과도한 욕설, 비속어 등을 계속하여 반복적으로 사용하여 심한 혐오감 또는 불쾌감을 일으키는 내용의 게시물은 제한될 수 있습니다.\r\n자동화된 수단을 활용하는 등 네이버 서비스의 기능을 비정상적으로 이용하여 게재된 게시물, 네이버 각 개별 서비스의 제공 취지와 부합하지 않는 내용의 게시물은 다른 이용자들의 정상적인 네이버 서비스 이용에 불편을 초래하고 더 나아가 네이버의 원활한 서비스 제공을 방해하므로 역시 제한될 수 있습니다. 기타 제한되는 게시물에 관한 상세한 내용은 게시물 운영정책 및 각 개별 서비스에서의 약관, 운영정책 등을 참고해 주시기 바랍니다.\r\n네이버의 사전 허락 없이 자동화된 수단(예: 매크로 프로그램, 로봇(봇), 스파이더, 스크래퍼 등)을 이용하여 네이버 서비스 회원으로 가입을 시도 또는 가입하거나, 네이버 서비스에 로그인을 시도 또는 로그인하거나, 네이버 서비스 상에 게시물을 게재하거나, 네이버 서비스를 통해 커뮤니케이션하거나(예: 전자메일, 쪽지 등), 네이버 서비스에 게재된 회원의 아이디(ID), 게시물 등을 수집하거나, 네이버 검색 서비스에서 특정 질의어로 검색하거나 혹은 그 검색결과에서 특정 검색결과를 선택(이른바 ‘클릭’)하는 등 이용자(사람)의 실제 이용을 전제로 하는 네이버 서비스의 제공 취지에 부합하지 않는 방식으로 네이버 서비스를 이용하거나 이와 같은 네이버 서비스에 대한 어뷰징(남용) 행위를 막기 위한 네이버의 기술적 조치를 무력화하려는 일체의 행위(예: IP를 지속적으로 바꿔가며 접속하는 행위, Captcha를 외부 솔루션 등을 통해 우회하거나 무력화 하는 행위 등)를 시도해서는 안 됩니다.\r\n네이버의 동의 없이 자동화된 수단에 의해 네이버 서비스 상에 광고가 게재되는 영역 또는 그 밖의 영역에 부호, 문자, 음성, 음향, 그림, 사진, 동영상, 링크 등으로 구성된 각종 콘텐츠 자체 또는 파일을 삽입해서는 안 됩니다. 또한, 네이버 서비스 또는 이에 포함된 소프트웨어를 복사, 수정할 수 없으며, 이를 판매, 양도, 대여 또는 담보로 제공하거나 타인에게 그 이용을 허락해서는 안 됩니다. 네이버 서비스에 포함된 소프트웨어를 역 설계, 소스코드 추출 시도, 복제, 분해, 모방, 기타 변형하는 등의 행위도 금지됩니다(다만, 오픈소스에 해당되는 경우 그 자체 조건에 따릅니다). 그 밖에 바이러스나 기타 악성 코드를 업로드하거나 네이버 서비스의 원활한 운영을 방해할 목적으로 서비스 기능을 비정상적으로 이용하는 행위 역시 금지됩니다.\r\n네이버는 본 약관의 범위 내에서 게시물 운영정책, 각 개별 서비스에서의 약관 또는 운영정책, 각 서비스 상의 안내, 공지사항, 고객센터 도움말 등을 두어, 여러분에게 안정적이고 원활한 서비스 이용이 가능하도록 지원하고 있습니다. 각 세부 정책에는 여러분이 참고할 수 있도록 보다 구체적인 유의사항을 포함하고 있으니, 본 약관 본문 및 구성 페이지 상의 링크 등을 통해 이를 확인해 주시기 바랍니다.\r\n\r\n부득이 서비스 이용을 제한할 경우 합리적인 절차를 준수합니다.\r\n네이버는 다양한 정보와 의견이 담긴 여러분의 콘텐츠를 소중히 다룰 것을 약속 드립니다만, 여러분이 게재한 게시물이 관련 법령, 본 약관, 게시물 운영정책, 각 개별 서비스에서의 약관, 운영정책 등에 위배되는 경우, 부득이 이를 비공개 또는 삭제 처리하거나 게재를 거부할 수 있습니다. 다만, 이것이 네이버가 모든 콘텐츠를 검토할 의무가 있다는 것을 의미하지는 않습니다.\r\n\r\n또한 여러분이 관련 법령, 본 약관, 계정 및 게시물 운영정책, 각 개별 서비스에서의 약관, 운영정책 등을 준수하지 않을 경우, 네이버는 여러분의 관련 행위 내용을 확인할 수 있으며, 그 확인 결과에 따라 네이버 서비스 이용에 대한 주의를 당부하거나, 네이버 서비스 이용을 일부 또는 전부, 일시 또는 영구히 정지시키는 등 그 이용을 제한할 수 있습니다. 한편, 이러한 이용 제한에도 불구하고 더 이상 네이버 서비스 이용계약의 온전한 유지를 기대하기 어려운 경우엔 부득이 여러분과의 이용계약을 해지할 수 있습니다.\r\n\r\n부득이 여러분의 서비스 이용을 제한해야 할 경우 명백한 법령 위반이나 타인의 권리침해로서 긴급한 위험 또는 피해 차단이 요구되는 사안 외에는 위와 같은 단계적 서비스 이용제한 원칙을 준수 하겠습니다. 명백한 법령 위반 등을 이유로 부득이 서비스 이용을 즉시 영구 정지시키는 경우 서비스 이용을 통해 획득한 포인트 및 기타 혜택 등은 모두 소멸되고 이에 대해 별도로 보상하지 않으므로 유의해 주시기 바랍니다. 서비스 이용 제한의 조건, 세부 내용 등은 계정 운영정책 및 각 개별 서비스에서의 운영정책을 참고하시기 바랍니다.\r\n\r\n네이버의 잘못은 네이버가 책임집니다.\r\n네이버는 여러분이 네이버 서비스를 이용함에 있어 네이버의 고의 또는 과실로 인하여 손해를 입게 될 경우 관련 법령에 따라 여러분의 손해를 배상합니다. 다만, 천재지변 또는 이에 준하는 불가항력으로 인하여 네이버가 서비스를 제공할 수 없거나 이용자의 고의 또는 과실로 인하여 서비스를 이용할 수 없어 발생한 손해에 대해서 네이버는 책임을 부담하지 않습니다.\r\n\r\n그리고 네이버가 손해배상책임을 부담하는 경우에도 통상적으로 예견이 불가능하거나 특별한 사정으로 인한 특별 손해 또는 간접 손해, 기타 징벌적 손해에 대해서는 관련 법령에 특별한 규정이 없는 한 책임을 부담하지 않습니다.\r\n\r\n한편, 네이버 서비스를 매개로 한 여러분과 다른 회원 간 또는 여러분과 비회원 간의 의견 교환, 거래 등에서 발생한 손해나 여러분이 서비스 상에 게재된 타인의 게시물 등의 콘텐츠를 신뢰함으로써 발생한 손해에 대해서도 네이버는 특별한 사정이 없는 한 이에 대해 책임을 부담하지 않습니다.\r\n\r\n언제든지 네이버 서비스 이용계약을 해지하실 수 있습니다.\r\n네이버에게는 참 안타까운 일입니다만, 회원은 언제든지 네이버 서비스 이용계약 해지를 신청하여 회원에서 탈퇴할 수 있으며, 이 경우 네이버는 관련 법령 등이 정하는 바에 따라 이를 지체 없이 처리하겠습니다.\r\n\r\n네이버 서비스 이용계약이 해지되면, 관련 법령 및 개인정보처리방침에 따라 네이버가 해당 회원의 정보를 보유할 수 있는 경우를 제외하고, 해당 회원 계정에 부속된 게시물 일체를 포함한 회원의 모든 데이터는 소멸됨과 동시에 복구할 수 없게 됩니다. 다만, 이 경우에도 다른 회원이 별도로 담아갔거나 스크랩한 게시물과 공용 게시판에 등록한 댓글 등의 게시물은 삭제되지 않으므로 반드시 해지 신청 이전에 삭제하신 후 탈퇴하시기 바랍니다.\r\n\r\n일부 네이버 서비스에는 광고가 포함되어 있습니다.\r\n여러분이 다양한 네이버 서비스를 이용하다 보면 간혹 일부 개별 서비스에 광고가 포함된 경우가 있습니다. 네이버 서비스를 이용하면서 발생할 수 있는 데이터 통신요금은 가입하신 통신사업자와의 이용계약에 따라 여러분이 부담하며, 포함된 광고 열람으로 인해 추가적으로 발생하는 비용 역시 여러분이 부담합니다.\r\n\r\n원하는 네이버 서비스를 이용하기 위해 원하지 않는 광고를 봐야 하는 경우가 있습니다. 이는 여러분에게 제공하는 다양한 네이버 서비스를 원칙적으로 무료로 제공할 수 있게 해주는 데 기여하며, 더 나아가 네이버가 연구 개발에 투자하여 더 나은 서비스를 제공할 수 있는 기반이 됩니다. 최근 타사의 일부 서비스들이 광고 없는 서비스 이용을 강조하며 주된 서비스를 유료로 제공하고 있는 관행이 이를 뒷받침합니다.\r\n\r\n네이버는 여러분의 본의 아닌 불편이나 부담이 최소화될 수 있는 방법에 대해 항상 고민하고 개선해 나가겠습니다.\r\n\r\n서비스 중단 또는 변경 시 꼭 알려드리겠습니다.\r\n네이버는 연중 무휴, 1일 24시간 안정적으로 서비스를 제공하기 위해 최선을 다하고 있습니다만, 컴퓨터, 서버 등 정보통신설비의 보수점검, 교체 또는 고장, 통신두절 등 운영상 상당한 이유가 있는 경우 부득이 서비스의 전부 또는 일부를 중단할 수 있습니다.\r\n\r\n한편, 네이버는 서비스 운영 또는 개선을 위해 상당한 필요성이 있는 경우 서비스의 전부 또는 일부를 수정, 변경 또는 종료할 수 있습니다. 무료로 제공되는 서비스의 전부 또는 일부를 수정, 변경 또는 종료하게 된 경우 관련 법령에 특별한 규정이 없는 한 별도의 보상을 하지 않습니다.\r\n\r\n이 경우 네이버는 예측 가능한 경우 상당기간 전에 이를 안내하며, 만약 예측 불가능한 경우라면 사후 지체 없이 상세히 설명하고 안내 드리겠습니다. 또한 서비스 중단의 경우에는 여러분 자신의 콘텐츠를 백업할 수 있도록 합리적이고 충분한 기회를 제공하도록 하겠습니다.\r\n\r\n주요 사항을 잘 안내하고 여러분의 소중한 의견에 귀 기울이겠습니다.\r\n네이버는 서비스 이용에 필요한 주요사항을 적시에 잘 안내해 드릴 수 있도록 힘쓰겠습니다. 회원에게 통지를 하는 경우 전자메일, 서비스 내 알림 또는 기타 적절한 전자적 수단을 통해 개별적으로 알려 드릴 것이며, 다만 회원 전체에 대한 통지가 필요할 경우엔 7일 이상 www.naver.com을 비롯한 네이버 도메인의 웹사이트 및 응용프로그램(어플리케이션, 앱) 초기 화면 또는 공지사항 등에 관련 내용을 게시하도록 하겠습니다.\r\n\r\n네이버는 여러분의 소중한 의견에 귀 기울이겠습니다. 여러분은 언제든지 고객센터를 통해 서비스 이용과 관련된 의견이나 개선사항을 전달할 수 있으며, 네이버는 합리적 범위 내에서 가능한 그 처리과정 및 결과를 여러분께 전달할 수 있도록 하겠습니다.\r\n\r\n여러분이 쉽게 알 수 있도록 약관 및 운영정책을 게시하며 사전 공지 후 개정합니다.\r\n네이버는 본 약관의 내용을 여러분이 쉽게 확인할 수 있도록 서비스 초기 화면에 게시하고 있습니다.\r\n\r\n네이버는 수시로 본 약관, 계정 및 게시물 운영정책을 개정할 수 있습니다만, 관련 법령을 위배하지 않는 범위 내에서 개정할 것이며, 사전에 그 개정 이유와 적용 일자를 서비스 내에 알리도록 하겠습니다. 또한 여러분에게 불리할 수 있는 중대한 내용의 약관 변경의 경우에는 최소 30일 이전에 해당 서비스 내 공지하고 별도의 전자적 수단(전자메일, 서비스 내 알림 등)을 통해 개별적으로 알릴 것입니다.\r\n\r\n네이버는 변경된 약관을 게시한 날로부터 효력이 발생되는 날까지 약관 변경에 대한 여러분의 의견을 기다립니다. 위 기간이 지나도록 여러분의 의견이 네이버에 접수되지 않으면, 여러분이 변경된 약관에 따라 서비스를 이용하는 데에 동의하는 것으로 간주됩니다. 네이버로서는 매우 안타까운 일이지만, 여러분이 변경된 약관에 동의하지 않는 경우 변경된 약관의 적용을 받는 해당 서비스의 제공이 더 이상 불가능하게 될 수 있습니다.\r\n\r\n네이버 서비스에는 기본적으로 본 약관이 적용됩니다만, 부득이 각 개별 서비스의 고유한 특성을 반영하기 위해 본 약관 외 별도의 약관, 운영정책이 추가로 적용될 때가 있습니다. 따라서 별도의 약관, 운영정책에서 그 개별 서비스 제공에 관하여 본 약관, 계정 및 게시물 운영정책과 다르게 정한 경우에는 별도의 약관, 운영정책이 우선하여 적용됩니다. 이러한 내용은 각각의 개별 서비스 초기 화면에서 확인해 주시기 바랍니다.\r\n\r\n본 약관은 한국어를 정본으로 합니다. 본 약관 또는 네이버 서비스와 관련된 여러분과 네이버와의 관계에는 대한민국의 법령이 적용됩니다. 그리고 본 약관 또는 네이버 서비스와 관련하여 여러분과 네이버 사이에 분쟁이 발생할 경우, 그 분쟁의 처리는 대한민국 \'민사소송법\'에서 정한 절차를 따릅니다.\r\n\r\n공지 일자:\r\n2018년 3월 30일\r\n적용 일자:\r\n2018년 5월 1일\r\n네이버 서비스와 관련하여 궁금하신 사항이 있으시면 고객센터(대표번호: 1588 – 3820/ 평일 09:00~18:00)로 문의 주시기 바랍니다.'),
	(2, '1. 개인정보처리방침의 의의\r\n네이버는 본 개인정보처리방침은 개인정보보호법을 기준으로 작성하되, 네이버 내에서의 이용자 개인정보 처리 현황을 최대한 알기 쉽고 상세하게 설명하기 위해 노력하였습니다.\r\n이는 쉬운 용어를 사용한 개인정보처리방침 작성 원칙인 ‘Plain Language Privacy Policy(쉬운 용어를 사용한 개인정보처리방침)’를 도입한 것입니다.\r\n\r\n‘쉬운 용어를 사용한 개인정보처리방침 작성 체크리스트(영문)’ 바로가기\r\n개인정보처리방침은 다음과 같은 중요한 의미를 가지고 있습니다.\r\n\r\n네이버가 어떤 정보를 수집하고, 수집한 정보를 어떻게 사용하며, 필요에 따라 누구와 이를 공유(‘위탁 또는 제공’)하며, 이용목적을 달성한 정보를 언제·어떻게 파기하는지 등 ‘개인정보의 한살이’와 관련한 정보를 투명하게 제공합니다.\r\n정보주체로서 이용자는 자신의 개인정보에 대해 어떤 권리를 가지고 있으며, 이를 어떤 방법과 절차로 행사할 수 있는지를 알려드립니다. 또한, 법정대리인(부모 등)이 만14세 미만 아동의 개인정보 보호를 위해 어떤 권리를 행사할 수 있는지도 함께 안내합니다.\r\n개인정보 침해사고가 발생하는 경우, 추가적인 피해를 예방하고 이미 발생한 피해를 복구하기 위해 누구에게 연락하여 어떤 도움을 받을 수 있는지 알려드립니다.\r\n그 무엇보다도, 개인정보와 관련하여 네이버와 이용자간의 권리 및 의무 관계를 규정하여 이용자의 ‘개인정보자기결정권’을 보장하는 수단이 됩니다.\r\n2. 수집하는 개인정보\r\n이용자는 회원가입을 하지 않아도 정보 검색, 뉴스 보기 등 대부분의 네이버 서비스를 회원과 동일하게 이용할 수 있습니다.\r\n이용자가 메일, 캘린더, 카페, 블로그 등과 같이 개인화 혹은 회원제 서비스를 이용하기 위해 회원가입을 할 경우, 네이버는 서비스 이용을 위해 필요한 최소한의 개인정보를 수집합니다.\r\n\r\n회원가입 시점에 네이버가 이용자로부터 수집하는 개인정보는 아래와 같습니다.\r\n\r\n회원 가입 시 필수항목으로 아이디, 비밀번호, 이름, 생년월일, 성별, 휴대전화번호를, 선택항목으로 본인확인 이메일주소를 수집합니다. 단, 비밀번호 없이 회원 가입 시에는 필수항목으로 아이디, 이름, 생년월일, 휴대전화번호를, 선택항목으로 비밀번호를 수집합니다. 만약 이용자가 입력하는 생년월일이 만14세 미만 아동일 경우에는 법정대리인 정보(법정대리인의 이름, 생년월일, 성별, 중복가입확인정보(DI), 휴대전화번호)를 추가로 수집합니다.\r\n단체 회원가입 시 필수 항목으로 단체아이디, 비밀번호, 단체이름, 이메일주소, 휴대전화번호를, 선택항목으로 단체 대표자명을 수집합니다.\r\n회원 가입 시 수집하는 개인정보에 대한 추가 설명 내용 더보기/닫기\r\n\r\n서비스 이용 과정에서 이용자로부터 수집하는 개인정보는 아래와 같습니다.\r\n\r\n회원정보 또는 개별 서비스에서 프로필 정보(별명, 프로필 사진)를 설정할 수 있습니다. 회원정보에 별명을 입력하지 않은 경우에는 마스킹 처리된 아이디가 별명으로 자동 입력됩니다.\r\n네이버 내의 개별 서비스 이용, 이벤트 응모 및 경품 신청 과정에서 해당 서비스의 이용자에 한해 추가 개인정보 수집이 발생할 수 있습니다. 추가로 개인정보를 수집할 경우에는 해당 개인정보 수집 시점에서 이용자에게 ‘수집하는 개인정보 항목, 개인정보의 수집 및 이용목적, 개인정보의 보관기간’에 대해 안내 드리고 동의를 받습니다.\r\n이용자 동의 후 개인정보를 추가 수집하는 경우‘개인정보 이용내역(내 정보)’ 확인하기\r\n서비스 이용 과정에서 IP 주소, 쿠키, 서비스 이용 기록, 기기정보, 위치정보가 생성되어 수집될 수 있습니다.\r\n또한 이미지 및 음성을 이용한 검색 서비스 등에서 이미지나 음성이 수집될 수 있습니다.\r\n\r\n구체적으로 1) 서비스 이용 과정에서 이용자에 관한 정보를 자동화된 방법으로 생성하거나 이용자가 입력한 정보를 저장(수집)하거나, 2) 이용자 기기의 고유한 정보를 원래의 값을 확인하지 못 하도록 안전하게 변환하여 수집합니다. 서비스 이용 과정에서 위치정보가 수집될 수 있으며, 네이버에서 제공하는 위치기반 서비스에 대해서는 \'네이버 위치기반서비스 이용약관\'에서 자세하게 규정하고 있습니다.\r\n이와 같이 수집된 정보는 개인정보와의 연계 여부 등에 따라 개인정보에 해당할 수 있고, 개인정보에 해당하지 않을 수도 있습니다.\r\n\r\n생성정보 수집에 대한 추가 설명 내용 더보기/닫기\r\n\r\n네이버는 아래의 방법을 통해 개인정보를 수집합니다.\r\n\r\n회원가입 및 서비스 이용 과정에서 이용자가 개인정보 수집에 대해 동의를 하고 직접 정보를 입력하는 경우, 해당 개인정보를 수집합니다.\r\n고객센터를 통한 상담 과정에서 웹페이지, 메일, 팩스, 전화 등을 통해 이용자의 개인정보가 수집될 수 있습니다.\r\n오프라인에서 진행되는 이벤트, 세미나 등에서 서면을 통해 개인정보가 수집될 수 있습니다.\r\n네이버와 제휴한 외부 기업이나 단체로부터 개인정보를 제공받을 수 있으며, 이러한 경우에는 개인정보보호법에 따라 제휴사에서 이용자에게 개인정보 제공 동의 등을 받은 후에 네이버에 제공합니다.\r\n기기정보와 같은 생성정보는 PC웹, 모바일 웹/앱 이용 과정에서 자동으로 생성되어 수집될 수 있습니다.\r\n3. 수집한 개인정보의 이용\r\n네이버 및 네이버 관련 제반 서비스(모바일 웹/앱 포함)의 회원관리, 서비스 개발·제공 및 향상, 안전한 인터넷 이용환경 구축 등 아래의 목적으로만 개인정보를 이용합니다.\r\n\r\n회원 가입 의사의 확인, 연령 확인 및 법정대리인 동의 진행, 이용자 및 법정대리인의 본인 확인, 이용자 식별, 회원탈퇴 의사의 확인 등 회원관리를 위하여 개인정보를 이용합니다.\r\n콘텐츠 등 기존 서비스 제공(광고 포함)에 더하여, 인구통계학적 분석, 서비스 방문 및 이용기록의 분석, 개인정보 및 관심에 기반한 이용자간 관계의 형성, 지인 및 관심사 등에 기반한 맞춤형 서비스 제공 등 신규 서비스 요소의 발굴 및 기존 서비스 개선 등을 위하여 개인정보를 이용합니다.\r\n법령 및 네이버 이용약관을 위반하는 회원에 대한 이용 제한 조치, 부정 이용 행위를 포함하여 서비스의 원활한 운영에 지장을 주는 행위에 대한 방지 및 제재, 계정도용 및 부정거래 방지, 약관 개정 등의 고지사항 전달, 분쟁조정을 위한 기록 보존, 민원처리 등 이용자 보호 및 서비스 운영을 위하여 개인정보를 이용합니다.\r\n유료 서비스 제공에 따르는 본인인증, 구매 및 요금 결제, 상품 및 서비스의 배송을 위하여 개인정보를 이용합니다.\r\n이벤트 정보 및 참여기회 제공, 광고성 정보 제공 등 마케팅 및 프로모션 목적으로 개인정보를 이용합니다.\r\n서비스 이용기록과 접속 빈도 분석, 서비스 이용에 대한 통계, 서비스 분석 및 통계에 따른 맞춤 서비스 제공 및 광고 게재 등에 개인정보를 이용합니다.\r\n보안, 프라이버시, 안전 측면에서 이용자가 안심하고 이용할 수 있는 서비스 이용환경 구축을 위해 개인정보를 이용합니다.\r\n네이버는 수집한 개인정보를 특정 개인을 알아볼 수 없도록 가명처리하여 통계작성, 과학적 연구, 공익적 기록 보존 등을 위하여 처리할 수 있습니다. 이 때 가명정보는 재식별되지 않도록 추가정보와 분리하여 별도 저장·관리하고 필요한 기술적·관리적 보호조치를 취합니다\r\n\r\n가명정보 처리현황 보기\r\n4. 개인정보의 제공 및 위탁\r\n네이버는 원칙적으로 이용자 동의 없이 개인정보를 외부에 제공하지 않습니다.\r\n\r\n네이버는 이용자의 사전 동의 없이 개인정보를 외부에 제공하지 않습니다. 단, 이용자가 외부 제휴사의 서비스를 이용하기 위하여 개인정보 제공에 직접 동의를 한 경우, 그리고 관련 법령에 의거해 네이버에 개인정보 제출 의무가 발생한 경우, 이용자의 생명이나 안전에 급박한 위험이 확인되어 이를 해소하기 위한 경우에 한하여 개인정보를 제공하고 있습니다.\r\n\r\n5. 개인정보의 파기\r\n회사는 원칙적으로 이용자의 개인정보를 회원 탈퇴 또는 이용목적 달성 시 지체없이 파기하고 있습니다.\r\n\r\n단, 이용자에게 개인정보 보관기간에 대해 별도의 동의를 얻은 경우, 또는 법령에서 일정 기간 정보보관 의무를 부과하는 경우에는 해당 기간 동안 개인정보를 안전하게 보관합니다.\r\n\r\n이용자에게 개인정보 보관기간에 대해 회원가입 시 또는 서비스 가입 시 동의를 얻은 경우는 아래와 같습니다.\r\n\r\nqnq부정 가입 및 이용 방지\r\n부정 이용자의 가입인증 휴대전화번호 또는 DI(만 14세 미만의 경우 법정대리인 DI) : 탈퇴일로부터 6개월 보관\r\n탈퇴한 이용자의 휴대전화번호(복호화가 불가능한 일방향 암호화(해시처리)) : 탈퇴일로부터 6개월 보관\r\n네이버 서비스 제공을 위한 본인 확인\r\n통신사 정보 : 수집 시점으로부터 1년 보관\r\nQR코드 복구 요청 대응\r\nQR코드 등록 정보 : 삭제 시점으로부터 6개월 보관\r\n스마트플레이스 분쟁 조정 및 고객문의 대응\r\n휴대전화번호 : 등록/수정/삭제 요청 시로부터 최대 1년\r\n네이버 플러스 멤버십 서비스 혜택 중복 제공 방지\r\n암호화 처리(해시처리)한 DI : 혜택 제공 종료일로부터 6개월 보관\r\nㅇ네이버 엑스퍼트 재가입 신청 및 부정 이용 방지\r\n네이버 엑스퍼트 서비스 및 네이버 엑스퍼트 센터 가입 등록정보 : 신청일로부터 6개월(등록 거절 시, 거절 의사 표시한 날로부터 30일) 보관\r\n\r\nqnq부정 가입 및 이용 방지\r\n부정 이용자의 가입인증 휴대전화번호 또는 DI(만 14세 미만의 경우 법정대리인 DI) : 탈퇴일로부터 6개월 보관\r\n탈퇴한 이용자의 휴대전화번호(복호화가 불가능한 일방향 암호화(해시처리)) : 탈퇴일로부터 6개월 보관\r\n전자서명 인증 업무\r\n인증서와 인증 업무에 관한 기록 : 인증서 효력 상실일로부터 10년 보관\r\n전자상거래 등에서의 소비자 보호에 관한 법률, 전자문서 및 전자거래 기본법, 통신비밀보호법 등 법령에서 일정기간 정보의 보관을 규정하는 경우는 아래와 같습니다. 네이버는 이 기간 동안 법령의 규정에 따라 개인정보를 보관하며, 본 정보를 다른 목적으로는 절대 이용하지 않습니다.\r\n\r\n전자상거래 등에서 소비자 보호에 관한 법률\r\n계약 또는 청약철회 등에 관한 기록 : 5년 보관\r\n대금결제 및 재화 등의 공급에 관한 기록 : 5년 보관\r\n소비자의 불만 또는 분쟁처리에 관한 기록 : 3년 보관\r\n전자문서 및 전자거래 기본법\r\n공인전자주소를 통한 전자문서 유통에 관한 기록 : 10년 보관\r\n통신비밀보호법\r\n로그인 기록 : 3개월\r\n회원탈퇴, 서비스 종료, 이용자에게 동의받은 개인정보 보유기간의 도래와 같이 개인정보의 수집 및 이용목적이 달성된 개인정보는 재생이 불가능한 방법으로 파기하고 있습니다.\r\n법령에서 보존의무를 부과한 정보에 대해서도 해당 기간 경과 후 지체없이 재생이 불가능한 방법으로 파기합니다.\r\n\r\n전자적 파일 형태의 경우 복구 및 재생이 되지 않도록 기술적인 방법을 이용하여 안전하게 삭제하며, 출력물 등은 분쇄하거나 소각하는 방식 등으로 파기합니다.\r\n\r\n참고로 네이버는 ‘개인정보 유효기간제’에 따라 1년간 서비스를 이용하지 않은 회원의 개인정보를 별도로 분리 보관 또는 삭제하여 관리하고 있습니다.\r\n\r\n6. 이용자 및 법정대리인의 권리와 행사 방법\r\n이용자는 언제든지 ‘NAVER 내정보 > 회원정보’에서 자신의 개인정보를 조회하거나 수정ㆍ삭제할 수 있으며, 자신의 개인정보에 대한 열람을 요청할 수 있습니다.\r\n이용자는 언제든지 개인정보 처리의 정지를 요청할 수 있으며, 법률에 특별한 규정이 있는 등의 경우에는 처리정지 요청을 거부할 수 있습니다.\r\n이용자는 언제든지 ‘회원탈퇴’ 등을 통해 개인정보의 수집 및 이용 동의를 철회할 수 있습니다.\r\n만 14세 미만 아동의 경우, 법정대리인이 아동의 개인정보를 조회하거나 수정 및 삭제, 처리정지, 수집 및 이용 동의를 철회할 권리를 가집니다.\r\n이용자가 개인정보의 오류에 대한 정정을 요청한 경우, 정정을 완료하기 전까지 해당 개인정보를 이용 또는 제공하지 않습니다. 또한 잘못된 개인정보를 제3자에게 이미 제공한 경우에는 정정 처리결과를 제3자에게 지체 없이 통지하여 정정이 이루어지도록 하겠습니다.\r\n이용자 및 법정대리인의 권리는 ‘회원정보’ 페이지 등에서 직접 처리하거나, ‘문의하기‘를 통해 요청할 수 있습니다. 이용자 개인의 서비스 이용활동 및 동의 내역에 따라 제3자에게 제공한 내역은 ‘개인정보 이용현황’ 페이지에서 확인하고 동의 철회를 요청할 수 있습니다.\r\n참고로 네이버는 \'온라인 맞춤형 광고 개인정보보호 가이드 라인\'에 따른 이용자 권리보장을 위한 페이지를 제공하고 있습니다.\r\n\'네이버 맞춤형 광고 안내\' 바로가기\r\n7. 개인정보보호를 위한 네이버의 노력\r\n네이버는 이용자의 개인정보를 안전하게 관리하기 위하여 최선을 다하며, 개인정보보호법에서 요구하는 수준 이상으로 개인정보를 보호하고 있습니다.\r\n\r\n개인정보보호 내부 관리계획을 수립ㆍ시행하고 있습니다.\r\n\r\n개인정보 보호책임자의 지정 등 개인정보 보호 조직의 구성 및 운영에 관한 사항 등을 포함하여 개인정보 내부관리계획을 수립하고, 매 년 내부관리계획을 잘 시행하고 있는지를 점검하고 있습니다.\r\n\r\n개인정보에 대한 접근 통제 및 접근 권한 제한 조치를 하고 있습니다.\r\n\r\n개인정보에 대한 불법적인 접근을 차단하기 위해 개인정보 처리시스템에 대한 접근 권한의 부여 ㆍ변경 ㆍ말소 등에 관한 기준을 수립하여 시행하고 있으며, 침입차단시스템 및 침입탐지시스템을 설치ㆍ운영하고 있습니다. 또한 개인정보를 처리하는 직원을 최소한으로 관리하며, 개인정보처리시스템에서 개인정보의 다운로드가 가능한 직원들의 업무용 PC에 대해 외부 인터넷망과 내부망을 분리하여 개인정보유출 가능성을 줄이고 있습니다.\r\n\r\n개인정보를 안전하게 저장ㆍ전송할 수 있는 암호화 조치를 하고 있습니다.\r\n\r\n법령에서 암호화를 요구하고 있는 비밀번호, 고유식별정보, 계좌번호 및 카드번호 외에 이메일주소와 휴대전화번호 등을 추가로 암호화 하여 보관하고 있습니다. 또한 암호화 통신 등을 통하여 네트워크 상에서 개인정보를 안전하게 송수신하고 있습니다.\r\n\r\n개인정보 접속기록의 보관 및 위조ㆍ변조 방지를 위한 조치를 하고 있습니다.\r\n\r\n개인정보취급자가 개인정보처리시스템에 접속한 기록을 보관ㆍ관리하며, 개인정보의 오ㆍ남용, 분실ㆍ위조ㆍ변조 등을 방지하기 위하여 접속기록 등을 정기적으로 점검하며, 개인정보취급자의 접속기록이 위ㆍ변조 및 도난, 분실되지 않도록 해당 접속기록을 안전하게 보관하고 있습니다.\r\n\r\n개인정보에 대한 보안프로그램을 설치 및 갱신하고 있습니다.\r\n\r\n개인정보의 훼손에 대비하여 자료를 수시로 백업하고 있고, 최신 백신프로그램을 이용하여 이용자들의 개인정보나 자료가 유출되거나 손상되지 않도록 방지하고 있습니다.\r\n\r\n개인정보의 안전한 보관을 위한 물리적 조치를 하고 있습니다.\r\n\r\n해킹이나 컴퓨터 바이러스 등에 의해 회원의 개인정보가 유출되거나 훼손되는 것을 막기 위해 외부로부터 접근이 통제된 구역에 시스템을 설치하고 있으며, 출입통제 절차를 수립ㆍ운영하고 있습니다.\r\n\r\n개인정보보호 전담 조직을 운영하고 있습니다.\r\n\r\n네이버는 국내 기업 중 최초로 2007년에 고객정보보호팀을 만든 바 있습니다. 현재도 개인정보보호 전담 부서에서 전사 임직원이 이용자 개인정보 보호 의무를 올바르게 준수할 수 있도록 기술적/관리적 보호조치를 상시 수행하고 있습니다.\r\n\r\n국내 기업 최초로 개인정보보호 전문 블로그 및 사이트를 운영하고 있습니다.\r\n\r\n네이버는 국내 기업 최초로 개인정보보호 전문 블로그를 개설하여 이용자와 소통하고 있으며, 네이버 프라이버시센터를 통해 이용자 프라이버시 보호를 서비스(Privacy as a Service)로 제공하고 있습니다.\r\n\r\n‘네이버 프라이버시 센터 > 보호활동’ 바로가기‘네이버 개인정보보호 블로그’ 바로가기\r\n네이버는 이용자 정보보호 활동에 대해 국내외 인증기관으로부터 검증을 받습니다.\r\n\r\n국제 정보보호 인증인 ISO/IEC 27001, 국내 정보보호 인증인 ISMS-P·ISMS를 통해 외부 기관으로부터 정기적으로 네이버 정보보호 활동에 대해 검증을 받고 있습니다. 또한 미국 공인회계사협회의 감사 기준에 따라 내부 서비스 통제 수준을 검증받고, 그 결과를 SOC 리포트로 발간하고 있습니다.\r\n\r\n‘정보보호 인증’ 바로가기‘SOC 인증’ 바로가기\r\n8. 개인정보 보호책임자 및 담당자 안내\r\n네이버는 이용자의 개인정보 관련 문의사항 및 불만 처리 등을 위하여 아래와 같이 개인정보 보호책임자 및 담당자를 지정하고 있습니다.\r\n\r\n개인정보 보호책임자\r\n이 름 : 이진규\r\n소 속 : Data Protection&Privacy\r\n직 위 : CPO / DPO\r\n전 화 : 1588-3820메 일 : 문의하기\r\n개인정보 보호담당자\r\n이 름 : 이재림\r\n소 속 : Data Protection&Privacy\r\n직 위 : 리더\r\n전 화 : 1588-3820메 일 : 문의하기\r\n기타 개인정보 침해에 대한 신고나 상담이 필요한 경우에 아래 기관에 문의 가능합니다.\r\n\r\n개인정보침해신고센터 (privacy.kisa.or.kr / 국번없이 118)\r\n대검찰청 사이버수사과 (www.spo.go.kr / 국번없이 1301)\r\n경찰청 사이버수사국 (police.go.kr / 국번없이 182)\r\n9. 개인위치정보의 처리\r\n네이버는 위치정보의 보호 및 이용 등에 관한 법률에 따라 이용자의 개인위치정보를 안전하게 관리합니다.\r\n\r\n개인위치정보의 처리목적 및 보유기간\r\n\r\n네이버는 대부분의 위치기반서비스에서 개인위치정보를 일회성 또는 임시로 이용 후 지체없이 파기합니다. 단, ‘GeoTagging’ 서비스와 같이 이용자가 게시물, 콘텐츠와 함께 개인위치정보를 네이버 서비스에 게시 또는 보관하는 경우, 해당 게시물, 콘텐츠의 보관기간 동안 개인위치정보가 함께 보관됩니다.\r\n\r\n네이버 위치기반서비스를 제공하기 위해 개인위치정보를 처리하는 목적은 아래와 같습니다.\r\n\r\n유형별 처리목적에 대한 추가 설명 내용 더보기/닫기\r\n\r\n개인위치정보 수집ㆍ이용ㆍ제공사실 확인자료의 보유근거 및 보유기간\r\n\r\n네이버는 위치정보의 보호 및 이용 등에 관한 법률 제16조 제2항에 근거하여 이용자의 위치정보 수집ㆍ이용ㆍ제공사실 확인자료를 위치정보시스템에 자동으로 기록하며, 6개월 이상 보관합니다.\r\n\r\n개인위치정보의 파기 절차 및 방법\r\n\r\n네이버는 개인위치정보의 처리목적이 달성된 경우, 개인위치정보를 재생이 불가능한 방법으로 안전하게 파기하고 있습니다. 전자적 파일 형태는 복구 및 재생이 불가능한 기술적인 방법으로 파기하며, 출력물 등은 분쇄하거나 소각하는 방식으로 파기합니다.\r\n\r\n개인위치정보의 제3자 제공 및 통보에 관한 사항\r\n\r\n네이버는 이용자의 사전 동의 없이 개인위치정보를 제3자에게 제공하지 않으며, 이용자가 지정한 제3자에게 개인위치정보를 제공하는 경우 매회 개인위치정보주체에게 제공받는 자, 제공일시 및 제공목적을 즉시 통보합니다.\r\n\r\n네이버는 이용자가 외부 제휴사의 서비스를 이용하기 위하여 개인위치정보 제공에 직접 동의한 경우, 관련 법령에 의거해 네이버에 개인위치정보 제출 의무가 발생한 경우, 이용자의 생명이나 안전에 급박한 위험이 확인되어 이를 해소하기 위한 경우에 한하여 개인위치정보를 제공합니다.\r\n\r\n8세 이하의 등의 보호의무자 권리·의무 및 그 행사방법\r\n\r\n네이버는 아래의 경우에 해당하는 이용자(이하 “8세 이하의 아동 등”이라 함)의 보호의무자가 8세 이하의 아동 등의 생명 또는 신체보호를 위하여 개인위치정보의 이용 또는 제공에 동의하는 경우에는 본인의 동의가 있는 것으로 봅니다.\r\n\r\n8세 이하의 아동\r\n피성년후견인\r\n장애인복지법 제2조제2항제2호의 규정에 의한 정신적 장애를 가진 자로서 장애인고용촉진 및 직업재활법 제2조제2호의 규정에 의한 중증장애인에 해당하는 자(장애인복지법 제32조의 규정에 의하여 장애인등록을 한 사람에 한정)\r\n8세 이하의 아동 등의 생명 또는 신체의 보호를 위하여 개인위치정보의 이용 또는 제공에 동의를 하고자 하는 보호의무자는 서면동의서에 보호의무자임을 증명하는 서면을 첨부하여 회사에 제출하여야 합니다.\r\n\r\n보호의무자는 8세 이하의 아동 등의 개인위치정보 이용 또는 제공에 동의하는 경우 개인위치정보주체 권리의 전부를 행사할 수 있습니다.\r\n\r\n위치정보 관리책임자의 정보\r\n\r\n네이버의 위치정보 관리책임자는 위 개인정보 보호책임자가 겸직하고 있습니다.\r\n\r\n10. 본 개인정보처리방침의 적용 범위\r\n본 개인정보처리방침은 회사의 브랜드 중 하나인 ‘네이버(www.naver.com)’ 및 관련 제반 서비스(모바일 웹/앱 포함)에 적용되며, 다른 브랜드로 제공되는 서비스에 대해서는 별개의 개인정보처리방침이 적용될 수 있습니다.\r\n네이버에 링크되어 있는 다른 회사의 웹사이트에서 개인정보를 수집하는 경우, 이용자 동의 하에 개인정보가 제공된 이후에는 본 개인정보처리방침이 적용되지 않습니다.\r\n11. 개정 전 고지 의무\r\n본 개인정보처리방침의 내용 추가, 삭제 및 수정이 있을 경우 개정 최소 7일 전에 ‘공지사항’을 통해 사전 공지를 할 것입니다.\r\n다만, 수집하는 개인정보의 항목, 이용목적의 변경 등과 같이 이용자 권리의 중대한 변경이 발생할 때에는 최소 30일 전에 공지하며, 필요 시 이용자 동의를 다시 받을 수도 있습니다.\r\n\r\n공고일자 : 2022년 12월 29일\r\n시행일자 : 2023년 01월 05일');

-- 테이블 데이터 S08P22D209.MWS_USER:~1 rows (대략적) 내보내기
INSERT INTO `MWS_USER` (`ID`, `ACCOUNT_ID`, `BIRTH`) VALUES
	(1, 'jy0824539', '1996-06-05'),
	(2, 'ssafyuser1', '1999-09-01'),
	(3, 'ssafyuser2', '1999-09-01'),
	(4, 'ssafyuser3', '1999-09-01'),
	(5, 'ssafyuser4', '1999-09-01'),
	(6, 'ssafyuser5', '1999-09-01'),
	(7, 'ssafyuser6', '1999-09-01'),
	(8, 'ssafyuser7', '1999-09-01'),
	(9, 'ssafyuser8', '1999-09-01'),
	(10, 'ssafyuser9', '1999-09-01');

/*!40103 SET TIME_ZONE=IFNULL(@OLD_TIME_ZONE, 'system') */;
/*!40101 SET SQL_MODE=IFNULL(@OLD_SQL_MODE, '') */;
/*!40014 SET FOREIGN_KEY_CHECKS=IFNULL(@OLD_FOREIGN_KEY_CHECKS, 1) */;
/*!40101 SET CHARACTER_SET_CLIENT=@OLD_CHARACTER_SET_CLIENT */;
/*!40111 SET SQL_NOTES=IFNULL(@OLD_SQL_NOTES, 1) */;
